Database Size,File Path,Execution Time (seconds),Memory Usage (MiB)
1,data/ocd8x8F/SqrtAlgorithm/0_orig/SqrtAlgorithm.java,0.10645933402702212,655.6875
2,data/ocd8x8F/SqrtAlgorithm/test_0_orig_no_krakatau/SqrtAlgorithm.java,0.10570616601034999,663.265625
3,data/ocd8x8F/hanoi/0_orig/Main.java,0.0947718748357147,660.1875
4,data/ocd8x8F/hanoi/test_0_orig_pg_procyon/Main.java,0.11008129199035466,648.3125
5,data/ocd8x8F/InfixConverter/0_orig/InfixConverter.java,0.10186429205350578,598.46875
6,data/ocd8x8F/InfixConverter/test_0_orig_pg_procyon/InfixConverter.java,0.10211437498219311,601.515625
7,data/ocd8x8F/slinkedlist/0_orig/SLinkedList.java,0.10698420810513198,601.765625
8,data/ocd8x8F/slinkedlist/test_0_orig_no_krakatau/SLinkedList.java,0.11164937517605722,601.796875
9,data/POJ300F/103-1221.txt,0.10860616713762283,601.890625
10,data/POJ300F/36-659.txt,0.10171600012108684,601.96875
11,data/POJ300F/13-571.txt,0.09453754196874797,601.96875
12,data/POJ300F/16-1221.txt,0.17073699994944036,601.96875
13,data/POJ300F/38-183.txt,0.10655750008299947,601.96875
14,data/POJ300F/55-311.txt,0.09909470891579986,602.03125
15,data/POJ300F/102-1340.txt,0.12351845810189843,602.0625
16,data/POJ300F/31-585.txt,0.10467516607604921,602.578125
17,data/POJ300F/65-183.txt,0.09506962518207729,602.578125
18,data/POJ300F/53-585.txt,0.11243420885875821,605.59375
19,data/POJ300F/65-585.txt,0.10900620906613767,552.453125
20,data/POJ300F/19-713.txt,0.10039691696874797,544.40625
21,data/POJ300F/100-2546.txt,0.10402133292518556,544.59375
22,data/POJ300F/53-183.txt,0.10585050005465746,540.609375
23,data/POJ300F/102-1424.txt,0.11252395901829004,540.765625
24,data/POJ300F/48-1556.txt,0.10001841699704528,540.859375
25,data/POJ300F/96-659.txt,0.09824866708368063,533.109375
26,data/POJ300F/87-311.txt,0.10097179096192122,533.734375
27,data/POJ300F/25-571.txt,0.10233050002716482,533.78125
28,data/POJ300F/61-1424.txt,0.09106408385559916,534.171875
29,data/POJ300F/10-659.txt,0.10642408300191164,534.21875
30,data/POJ300F/96-311.txt,0.10419462504796684,529.890625
31,data/POJ300F/89-1901.txt,0.10260166600346565,532.1875
32,data/POJ300F/48-1424.txt,0.09953016694635153,532.5
33,data/POJ300F/39-183.txt,0.10450495779514313,535.640625
34,data/POJ300F/51-56.txt,0.09130941610783339,536.34375
35,data/POJ300F/55-659.txt,0.09894004091620445,535.671875
36,data/POJ300F/92-1424.txt,0.10089795803651214,536.125
37,data/POJ300F/89-585.txt,0.10343758296221495,536.125
38,data/POJ300F/61-1556.txt,0.10637991596013308,536.125
39,data/POJ300F/100-592.txt,0.1132262081373483,536.15625
40,data/POJ300F/94-1326.txt,0.10392895806580782,536.265625
41,data/POJ300F/75-56.txt,0.11359283304773271,536.28125
42,data/POJ300F/16-183.txt,0.10306770913302898,536.328125
43,data/POJ300F/39-1340.txt,0.10818445798940957,536.46875
44,data/POJ300F/95-1221.txt,0.09311504196375608,536.484375
45,data/POJ300F/71-1340.txt,0.09927124995738268,536.5
46,data/POJ300F/44-1381.txt,0.10862679104320705,536.53125
47,data/POJ300F/32-183.txt,0.10892012482509017,536.59375
48,data/POJ300F/3-1556.txt,0.106627875007689,536.625
49,data/POJ300F/71-1817.txt,0.11261741584166884,530.734375
50,data/POJ300F/94-1817.txt,0.10293204197660089,531.859375
51,data/POJ300F/38-1221.txt,0.1022209171205759,531.90625
52,data/POJ300F/39-1221.txt,0.10148308309726417,531.984375
53,data/POJ300F/89-483.txt,0.10390020883642137,532.03125
54,data/POJ300F/97-2546.txt,0.10173529200255871,532.078125
55,data/POJ300F/72-571.txt,0.10562475002370775,532.078125
56,data/POJ300F/102-183.txt,0.1033057498279959,532.15625
57,data/POJ300F/32-1817.txt,0.11004629102535546,532.203125
58,data/POJ300F/82-592.txt,0.12549958401359618,535.25
59,data/POJ300F/45-1817.txt,0.1339600831270218,537.59375
60,data/POJ300F/44-1340.txt,0.10232866695150733,538.359375
61,data/POJ300F/67-1556.txt,0.10213362518697977,538.40625
62,data/POJ300F/71-1424.txt,0.10678041609935462,538.59375
63,data/POJ300F/72-2546.txt,0.09909650008194149,538.625
64,data/POJ300F/38-1424.txt,0.11209591687656939,538.6875
65,data/POJ300F/32-1221.txt,0.10961758415214717,538.8125
66,data/POJ300F/3-1424.txt,0.09856808301992714,538.921875
67,data/POJ300F/8-1221.txt,0.10319012496620417,514.890625
68,data/POJ300F/63-571.txt,0.1001978749409318,517.640625
69,data/POJ300F/58-1221.txt,0.1039801249280572,520.234375
70,data/POJ300F/56-659.txt,0.09657208295539021,530.765625
71,data/POJ300F/58-183.txt,0.10488725011236966,530.796875
72,data/POJ300F/103-183.txt,0.09798616613261402,530.859375
73,data/POJ300F/10-1221.txt,0.10484737483784556,531.0625
74,data/POJ300F/91-483.txt,0.10851654200814664,532.625
75,data/POJ300F/7-569.txt,0.10031783301383257,534.15625
76,data/POJ300F/8-659.txt,0.1123426251579076,534.1875
77,data/POJ300F/51-585.txt,0.1071203330066055,534.75
78,data/POJ300F/10-1817.txt,0.10518716601654887,534.796875
79,data/POJ300F/67-183.txt,0.1098950409796089,535.078125
80,data/POJ300F/61-311.txt,0.10004958300851285,535.125
81,data/POJ300F/25-1221.txt,0.14807212515734136,490.40625
82,data/POJ300F/37-571.txt,0.10551029117777944,433.640625
83,data/POJ300F/95-311.txt,0.10638624988496304,439.53125
84,data/POJ300F/67-1424.txt,0.10508208395913243,440.90625
85,data/POJ300F/55-571.txt,0.10199533286504447,442.40625
86,data/POJ300F/4-659.txt,0.10537833301350474,442.859375
87,data/POJ300F/63-1556.txt,0.10688212513923645,443.5625
88,data/POJ300F/40-1817.txt,0.10199495800770819,444.9375
89,data/POJ300F/40-1630.txt,0.10406825016252697,446.515625
90,data/POJ300F/81-659.txt,0.10181395802646875,448.140625
91,data/POJ300F/5-311.txt,0.10376662504859269,448.171875
92,data/POJ300F/16-311.txt,0.09637108305469155,449.640625
93,data/POJ300F/36-183.txt,0.10754625010304153,454.359375
94,data/POJ300F/56-1556.txt,0.11341812484897673,455.875
95,data/POJ300F/44-1413.txt,0.10155008407309651,456.9375
96,data/POJ300F/45-1413.txt,0.0992747088894248,457.0
97,data/POJ300F/37-1424.txt,0.10153141710907221,457.0
98,data/POJ300F/4-713.txt,0.10436637490056455,457.015625
99,data/POJ300F/70-483.txt,0.10835020779632032,457.0625
100,data/POJ300F/3-1415.txt,0.10211762506514788,457.171875
101,data/POJ300F/45-585.txt,0.10997291700914502,457.296875
102,data/POJ300F/103-571.txt,0.10543412482365966,457.578125
103,data/POJ300F/7-1221.txt,0.10236491705290973,457.625
104,data/POJ300F/56-1221.txt,0.10429062508046627,457.578125
105,data/POJ300F/53-311.txt,0.10170779190957546,457.640625
106,data/POJ300F/87-183.txt,0.10758541687391698,457.703125
107,data/POJ300F/7-1197.txt,0.10992499999701977,457.765625
108,data/POJ300F/97-1901.txt,0.10121629200875759,457.859375
109,data/POJ300F/63-1817.txt,0.10743895801715553,457.859375
110,data/POJ300F/5-659.txt,0.1054343341384083,455.453125
111,data/POJ300F/100-1340.txt,0.10322754201479256,455.46875
112,data/POJ300F/65-311.txt,0.10775304189883173,455.09375
113,data/POJ300F/75-311.txt,0.10942250001244247,455.21875
114,data/POJ300F/91-660.txt,0.10893749981187284,455.0
115,data/POJ300F/27-183.txt,0.10592691600322723,455.09375
116,data/POJ300F/37-1556.txt,0.10041616600938141,455.109375
117,data/POJ300F/36-1556.txt,0.09871479193679988,455.15625
118,data/POJ300F/18-1221.txt,0.10140141705051064,455.71875
119,data/POJ300F/19-1221.txt,0.10931074991822243,455.75
120,data/POJ300F/27-1817.txt,0.11051520891487598,455.765625
121,data/POJ300F/91-968.txt,0.1048095419537276,456.28125
122,data/POJ300F/81-1424.txt,0.10437183291651309,456.296875
123,data/POJ300F/25-56.txt,0.09752729116007686,456.34375
124,data/POJ300F/82-713.txt,0.10246366611681879,455.9375
125,data/POJ300F/58-56.txt,0.10701195895671844,457.421875
126,data/POJ300F/27-1221.txt,0.11515570804476738,457.4375
127,data/POJ300F/92-1415.txt,0.11672070785425603,457.65625
128,data/POJ300F/19-1817.txt,0.10577716608531773,457.65625
129,data/POJ300F/18-1817.txt,0.0973435421474278,457.890625
130,data/POJ300F/70-56.txt,0.10302137490361929,458.015625
131,data/POJ300F/95-183.txt,0.10559400008060038,458.015625
132,data/POJ300F/4-571.txt,0.11206641606986523,458.015625
133,data/POJ300F/75-571.txt,0.10114499996416271,458.0625
134,data/POJ300F/78-183.txt,0.1036813328973949,458.28125
135,data/POJ300F/12-1221.txt,0.10309616709128022,458.3125
136,data/POJ300F/18-1424.txt,0.10873129218816757,458.453125
137,data/POJ300F/78-1556.txt,0.11791795887984335,458.515625
138,data/POJ300F/13-1817.txt,0.10677712503820658,458.515625
139,data/POJ300F/31-1556.txt,0.1200834580231458,458.6875
140,data/POJ300F/81-1817.txt,0.11525262496434152,458.734375
141,data/POJ300F/78-1817.txt,0.09803954185917974,458.765625
142,data/POJ300F/92-311.txt,0.12202037498354912,457.375
143,data/POJ300F/97-1381.txt,0.10510554094798863,458.875
144,data/POJ300F/13-1556.txt,0.11216624989174306,458.90625
145,data/POJ300F/12-1556.txt,0.10453704209066927,458.90625
146,data/POJ300F/8-183.txt,0.11107704206369817,459.0
147,data/POJ300F/40-2823.txt,0.10713145788758993,459.046875
148,data/POJ300F/72-1424.txt,0.10559845808893442,459.046875
149,data/POJ300F/48-659.txt,0.10749575006775558,459.109375
150,data/POJ300F/87-928.txt,0.10883704200387001,459.1875
151,data/POJ300F/96-1221.txt,0.1052616669330746,459.5
152,data/POJ300F/70-183.txt,0.10942337499000132,459.609375
153,data/POJ300F/12-183.txt,0.11658004205673933,459.703125
154,data/POJ300F/31-1424.txt,0.10242395801469684,459.71875
155,data/POJ300F/82-2542.txt,0.10589583404362202,459.734375
156,data/POJ300F/94-183.txt,0.10166129097342491,459.734375
157,data/POJ300F/5-571.txt,0.10440591699443758,459.75
158,data/POJ300F/51-659.txt,0.10251345788128674,440.390625
159,data/cloneoracleF/postgre/_readwindowfunc.c,0.10420125001110137,444.734375
160,data/cloneoracleF/postgre/_outbitmapand.c,0.10623229201883078,447.078125
161,data/cloneoracleF/postgre/_readcoerceviaio.c,0.11325429193675518,450.21875
162,data/cloneoracleF/postgre/_outsubqueryscan.c,0.10287574981339276,450.34375
163,data/cloneoracleF/postgre/_outa_indirection.c,0.0963553749024868,450.375
164,data/cloneoracleF/postgre/_outrangesubselect.c,0.10418091691099107,450.46875
165,data/cloneoracleF/postgre/_outa_arrayexpr.c,0.11097504198551178,452.3125
166,data/cloneoracleF/postgre/list_append_unique_ptr.c,0.10408512502908707,452.46875
167,data/cloneoracleF/postgre/_outbitmapheapscan.c,0.10250487504526973,454.703125
168,data/cloneoracleF/postgre/_outappendpath.c,0.09739933302626014,456.25
169,data/cloneoracleF/postgre/_outjoinplaninfo.c,0.11214129207655787,456.296875
170,data/cloneoracleF/postgre/_outwithclause.c,0.10188204189762473,456.421875
171,data/cloneoracleF/postgre/_outindexscan.c,0.1072152080014348,456.546875
172,data/cloneoracleF/postgre/_readaggref.c,0.1100696250796318,456.703125
173,data/cloneoracleF/postgre/_readsublink.c,0.10441150004044175,456.796875
174,data/cloneoracleF/postgre/_outalias.c,0.10534816700965166,456.4375
175,data/cloneoracleF/postgre/_outfunctionscan.c,0.1027952078729868,456.640625
176,data/cloneoracleF/postgre/_readxmlexpr.c,0.11389766703359783,458.34375
177,data/cloneoracleF/postgre/lcons_int.c,0.10534187499433756,459.296875
178,data/cloneoracleF/postgre/list_intersection.c,0.10717870900407434,459.359375
179,data/cloneoracleF/postgre/lappend_int.c,0.09971424983814359,458.75
180,data/cloneoracleF/postgre/_outbitmapor.c,0.11246337508782744,459.203125
181,data/cloneoracleF/postgre/list_append_unique_oid.c,0.1023230419959873,461.109375
182,data/cloneoracleF/postgre/_outindexpath.c,0.10759033402428031,461.203125
183,data/cloneoracleF/postgre/_outlimit.c,0.10160716716200113,461.328125
184,data/cloneoracleF/postgre/_outinhrelation.c,0.10697091603651643,461.609375
185,data/cloneoracleF/postgre/list_union_ptr.c,0.10057024983689189,461.640625
186,data/cloneoracleF/postgre/_outfieldselect.c,0.10033212509006262,461.71875
187,data/cloneoracleF/postgre/_outresultpath.c,0.1063645831309259,462.21875
188,data/cloneoracleF/postgre/_outtypename.c,0.11033520800992846,462.296875
189,data/cloneoracleF/postgre/_readminmaxexpr.c,0.1079932909924537,462.328125
190,data/cloneoracleF/postgre/_outintoclause.c,0.10508195799775422,462.4375
191,data/cloneoracleF/postgre/_readjoinexpr.c,0.10542716598138213,462.546875
192,data/cloneoracleF/postgre/_outmaterialpath.c,0.10792204109020531,462.609375
193,data/cloneoracleF/postgre/_outcasetestexpr.c,0.10166787495836616,462.71875
194,data/cloneoracleF/postgre/_outalternativesubplan.c,0.10461358306929469,462.78125
195,data/cloneoracleF/postgre/pq_sendtext.c,0.1166592079680413,462.9375
196,data/cloneoracleF/postgre/_outrangefunction.c,0.11293120798654854,462.953125
197,data/cloneoracleF/postgre/_readcoercetodomainvalue.c,0.10990979196503758,462.984375
198,data/cloneoracleF/postgre/_outtidpath.c,0.10741345793940127,463.078125
199,data/cloneoracleF/postgre/_readscalararrayopexpr.c,0.11100591695867479,463.65625
200,data/cloneoracleF/postgre/_outhashpath.c,0.1186717499513179,463.734375
201,data/cloneoracleF/postgre/pq_sendstring.c,0.1107442919164896,463.765625
202,data/cloneoracleF/python/audioop_getsample.c,0.11460658395662904,464.0625
203,data/cloneoracleF/python/audioop_avgpp.c,0.11123620788566768,464.34375
204,data/cloneoracleF/python/audioop_minmax.c,0.10283683286979795,464.34375
205,data/cloneoracleF/python/audioop_avg.c,0.10857704095542431,464.359375
206,data/cloneoracleF/python/audioop_bias.c,0.10635029198601842,464.46875
207,data/cloneoracleF/python/audioop_rms.c,0.09936945792287588,464.53125
208,data/cloneoracleF/python/audioop_alaw2lin.c,0.1086962919216603,464.75
209,data/cloneoracleF/python/audioop_ulaw2lin.c,0.10660025011748075,464.828125
210,data/cloneoracleF/python/audioop_reverse.c,0.10364904208108783,464.828125
211,data/cloneoracleF/python/audioop_lin2lin.c,0.09787099994719028,460.703125
212,data/cloneoracleF/python/audioop_max.c,0.11139620817266405,461.421875
213,data/cloneoracleF/python/audioop_lin2alaw.c,0.10640058293938637,462.34375
214,data/cloneoracleF/python/audioop_maxpp.c,0.10638316604308784,462.34375
215,data/cloneoracleF/python/audioop_lin2ulaw.c,0.11673537478782237,462.359375
216,data/cloneoracleF/python/audioop_tomono.c,0.11535525019280612,464.171875
217,data/cloneoracleF/python/audioop_mul.c,0.10717987501993775,464.234375
218,data/cloneoracleF/apache/set_cache_defex.c,0.11126095918007195,464.359375
219,data/cloneoracleF/apache/http_port.c,0.10637508286163211,464.515625
220,data/cloneoracleF/apache/set_cache_ignore_querystring.c,0.10674645798280835,464.53125
221,data/cloneoracleF/apache/mmap_handler.c,0.09927933313883841,464.921875
222,data/cloneoracleF/apache/set_cache_ignore_cachecontrol.c,0.09971795789897442,465.0
223,data/cloneoracleF/apache/set_keep_alive_timeout.c,0.10027787508442998,465.09375
224,data/cloneoracleF/apache/cachefilehandle.c,0.10399650014005601,465.203125
225,data/cloneoracleF/apache/set_keep_alive_max.c,0.107989541022107,465.203125
226,data/cloneoracleF/apache/add_ignore_header.c,0.10815795906819403,465.296875
227,data/cloneoracleF/apache/cachefilemmap.c,0.10370091605000198,465.875
228,data/cloneoracleF/apache/set_cache_store_private.c,0.10919824987649918,465.90625
229,data/cloneoracleF/apache/set_cache_ignore_no_last_mod.c,0.11082654120400548,465.921875
230,data/cloneoracleF/apache/sendfile_handler.c,0.10036900010891259,465.96875
231,data/cloneoracleF/apache/set_cache_store_nostore.c,0.10113991610705853,465.984375
232,data/cloneoracleF/apache/http_scheme.c,0.10970008303411305,465.984375
233,data/cloneoracleF/apache/set_cache_maxex.c,0.11058370885439217,466.0
234,data/cloneoracleF/apache/add_ignore_session_id.c,0.11860116594471037,466.015625
235,data/bcbharmfulF/default_117641_90_172.java,0.10928141605108976,467.609375
236,data/bcbharmfulF/default_48067_27_46.java,0.1051081670448184,468.4375
237,data/bcbharmfulF/selected_2365821_838_864.java,0.10364870890043676,470.25
238,data/bcbharmfulF/selected_9377_74_82.java,0.10628129192627966,470.5
239,data/bcbharmfulF/selected_1810839_360_377.java,0.11353425006382167,470.578125
240,data/bcbharmfulF/selected_1609240_359_415.java,0.10683866706676781,470.875
241,data/bcbharmfulF/selected_638634_140_155.java,0.10445316694676876,471.09375
242,data/bcbharmfulF/selected_1596280_101_110.java,0.0913405001629144,471.203125
243,data/bcbharmfulF/selected_1751811_245_278.java,0.0965660831425339,471.671875
244,data/bcbharmfulF/selected_238585_13_21.java,0.10851920885033906,471.6875
245,data/bcbharmfulF/selected_2546168_149_275.java,0.1144990420434624,472.609375
246,data/bcbharmfulF/selected_321084_307_334.java,0.1054201670922339,473.921875
247,data/bcbharmfulF/selected_1772581_98_114.java,0.1049369580578059,474.046875
248,data/bcbharmfulF/selected_1247433_142_148.java,0.10855887504294515,474.015625
249,data/bcbharmfulF/selected_184404_42_44.java,0.12363354209810495,487.640625
250,data/bcbharmfulF/selected_474742_156_287.java,0.11863254196941853,488.546875
251,data/bcbharmfulF/selected_31579_176_200.java,0.12497095880098641,489.171875
252,data/bcbharmfulF/selected_29425_84_146.java,0.130001834128052,489.4375
253,data/bcbharmfulF/default_132716_27_46.java,0.10525170806795359,442.359375
254,data/bcbharmfulF/selected_29066_505_542.java,0.10513250017538667,458.96875
255,data/bcbharmfulF/default_89548_90_172.java,0.10643520904704928,459.3125
256,data/bcbharmfulF/selected_2078997_244_254.java,0.09652750007808208,459.6875
257,data/bcbharmfulF/selected_226776_20_62.java,0.0950235000345856,460.0
258,data/bcbharmfulF/selected_1481659_57_80.java,0.10981191694736481,461.75
259,data/bcbharmfulF/selected_1620218_194_210.java,0.10949079203419387,458.171875
260,data/bcbharmfulF/default_6930_27_46.java,0.10331587493419647,460.21875
261,data/bcbharmfulF/selected_2676871_89_120.java,0.11047041695564985,460.296875
262,data/bcbharmfulF/selected_2110005_99_135.java,0.11445570783689618,462.125
263,data/bcbharmfulF/selected_2333916_14_27.java,0.10340862511657178,451.203125
264,data/bcbharmfulF/selected_992576_39_63.java,0.10145462513901293,461.0
265,data/bcbharmfulF/selected_142902_78_104.java,0.10549041605554521,467.3125
266,data/bcbharmfulF/selected_2425138_35_45.java,0.0997182079590857,467.421875
267,data/bcbharmfulF/default_82382_27_46.java,0.11009679199196398,467.4375
268,data/bcbharmfulF/default_27443_367_414.java,0.10761108295992017,468.1875
269,data/bcbharmfulF/selected_687723_110_134.java,0.10562658286653459,468.640625
270,data/bcbharmfulF/selected_1320790_31_40.java,0.10402391711249948,468.671875
271,data/bcbharmfulF/selected_2197076_224_238.java,0.11587737500667572,470.21875
272,data/bcbharmfulF/selected_184530_38_50.java,0.10409716609865427,470.359375
273,data/bcbharmfulF/selected_58295_257_290.java,0.10524491709657013,472.265625
274,data/bcbharmfulF/selected_1149247_14_34.java,0.10028324997983873,475.5
275,data/bcbharmfulF/selected_1397132_28_51.java,0.10708166589029133,475.78125
276,data/bcbharmfulF/selected_1412964_405_458.java,0.11386395897716284,475.84375
277,data/bcbharmfulF/selected_1834805_95_385.java,0.11694312514737248,479.75
278,data/bcbharmfulF/default_126904_872_898.java,0.1079952078871429,477.046875
279,data/bcbharmfulF/selected_2553462_41_84.java,0.11310495808720589,479.140625
280,data/bcbharmfulF/selected_1979886_73_80.java,0.11754595907405019,479.25
281,data/bcbharmfulF/selected_748852_351_489.java,0.1061838751193136,478.484375
282,data/bcbharmfulF/selected_942717_45_51.java,0.11075654183514416,479.984375
283,data/bcbharmfulF/selected_1494993_873_899.java,0.1074608329217881,480.03125
284,data/bcbharmfulF/selected_2469197_43_58.java,0.14278237498365343,480.203125
285,data/bcbharmfulF/selected_2309025_43_71.java,0.09882329194806516,424.96875
286,data/bcbharmfulF/selected_1724220_875_899.java,0.10295670898631215,434.875
287,data/bcbharmfulF/selected_684569_114_134.java,0.10360854188911617,450.109375
288,data/bcbharmfulF/selected_1359688_162_180.java,0.10174712492153049,451.390625
289,data/bcbharmfulF/selected_2720699_28_44.java,0.12219391693361104,452.28125
290,data/bcbharmfulF/selected_1676100_297_315.java,0.12476549996063113,452.390625
291,data/bcbharmfulF/selected_256068_335_356.java,0.1086190000642091,439.203125
292,data/bcbharmfulF/selected_2709322_216_407.java,0.11233429214917123,444.15625
293,data/bcbharmfulF/selected_2224878_60_125.java,0.11495654215104878,450.671875
294,data/bcbharmfulF/selected_1988725_204_213.java,0.1100095419678837,451.625
295,data/bcbharmfulF/selected_694246_20_56.java,0.12092095799744129,452.8125
296,data/bcbharmfulF/selected_1944189_30_65.java,0.11094375001266599,452.90625
297,data/bcbharmfulF/selected_1627071_116_122.java,0.12004370777867734,457.71875
298,data/bcbharmfulF/selected_2152928_783_799.java,0.11932862503454089,458.53125
299,data/bcbharmfulF/selected_1074458_108_143.java,0.12735616695135832,458.40625
300,data/bcbharmfulF/default_118790_27_46.java,0.12888812483288348,459.421875
301,data/bcbharmfulF/selected_2318314_16_32.java,0.0983252921141684,459.609375
302,data/bcbharmfulF/selected_740231_108_119.java,0.09503483306616545,459.75
303,data/bcbharmfulF/selected_1583048_153_165.java,0.10803683381527662,456.25
304,data/bcbharmfulF/selected_519642_100_112.java,0.10540100000798702,457.0625
305,data/bcbharmfulF/selected_215042_58_70.java,0.10079420800320804,460.484375
306,data/bcbharmfulF/selected_1495157_230_237.java,0.1066961248870939,460.5
307,data/bcbharmfulF/selected_1802351_838_864.java,0.10279929195530713,460.671875
308,data/bcbharmfulF/selected_794620_137_171.java,0.10682666604407132,456.875
309,data/bcbharmfulF/selected_1830236_18_40.java,0.10769916698336601,456.828125
310,data/bcbharmfulF/default_6756_90_172.java,0.10825541708618402,457.171875
311,data/bcbharmfulF/selected_2337215_109_130.java,0.10452483291737735,457.59375
312,data/bcbharmfulF/selected_2348309_790_816.java,0.11305408412590623,457.609375
313,data/bcbharmfulF/default_87946_90_172.java,0.10252191708423197,459.421875
314,data/bcbharmfulF/selected_841726_55_115.java,0.10635362495668232,458.859375
315,data/bcbharmfulF/selected_318080_74_105.java,0.11079320800490677,459.484375
316,data/bcbharmfulF/selected_1782695_11_74.java,0.10594745795242488,459.84375
317,data/bcbharmfulF/default_37863_167_247.java,0.0985545830335468,457.890625
318,data/bcbharmfulF/selected_1840152_594_614.java,0.10955383395776153,453.609375
319,data/bcbharmfulF/selected_1976964_39_89.java,0.1142595000565052,455.453125
320,data/bcbharmfulF/selected_1545239_138_578.java,0.11131008411757648,466.890625
321,data/bcbharmfulF/selected_264272_754_780.java,0.10250616702251136,467.5625
322,data/bcbharmfulF/selected_553596_806_866.java,0.10663479194045067,469.0
323,data/bcbharmfulF/default_34342_27_46.java,0.11242404207587242,464.734375
324,data/bcbharmfulF/selected_2028451_304_311.java,0.09979595895856619,464.921875
325,data/bcbharmfulF/selected_184404_78_80.java,0.12414025003090501,469.015625
326,data/bcbharmfulF/selected_1865885_85_89.java,0.10751329199410975,469.921875
327,data/bcbharmfulF/selected_311323_467_483.java,0.21666137501597404,472.5
328,data/bcbharmfulF/selected_1521653_213_273.java,0.10987387504428625,457.3125
329,data/bcbharmfulF/selected_183804_752_778.java,0.1224193749949336,458.171875
330,data/bcbharmfulF/selected_2061440_90_151.java,0.10892470902763307,458.46875
331,data/bcbharmfulF/selected_2692691_167_175.java,0.10406100004911423,460.046875
332,data/bcbharmfulF/selected_2639183_198_327.java,0.11524141696281731,461.9375
333,data/bcbharmfulF/selected_1145166_275_349.java,0.11601916677318513,462.4375
334,data/bcbharmfulF/selected_758449_47_59.java,0.1098670840729028,462.578125
335,data/bcbharmfulF/selected_2685107_122_164.java,0.1120079590473324,464.859375
336,data/bcbharmfulF/default_100020_296_315.java,0.17897199979051948,467.234375
337,data/bcbharmfulF/selected_2138232_45_66.java,0.10435304092243314,470.78125
338,data/bcbharmfulF/selected_566527_182_187.java,0.10584679199382663,470.046875
339,data/bcbharmfulF/selected_168944_152_172.java,0.10499679110944271,471.453125
340,data/bcbharmfulF/selected_625112_25_42.java,0.10747395898215473,471.71875
341,data/bcbharmfulF/selected_207391_48_59.java,0.11159687489271164,471.859375
342,data/bcbharmfulF/selected_840994_76_103.java,0.10351987509056926,472.0625
343,data/bcbharmfulF/default_22134_90_172.java,0.11017387500032783,472.15625
344,data/bcbharmfulF/selected_1627411_45_83.java,0.10238308412954211,472.53125
345,data/bcbharmfulF/selected_1276123_58_99.java,0.10875554103404284,473.015625
346,data/bcbharmfulF/selected_591600_1184_1192.java,0.09873066702857614,473.0625
347,data/bcbharmfulF/selected_760963_29_40.java,0.11030824994668365,473.078125
348,data/bcbharmfulF/selected_818379_60_81.java,0.10877279215492308,473.359375
349,data/bcbharmfulF/selected_2032520_56_97.java,0.10832783300429583,473.6875
350,data/bcbharmfulF/selected_2565735_120_138.java,0.11324029206298292,473.71875
351,data/bcbharmfulF/selected_295232_48_52.java,0.10426466702483594,473.765625
352,data/bcbharmfulF/selected_2484283_80_91.java,0.10419862484559417,474.25
353,data/bcbharmfulF/selected_2457991_18_34.java,0.10260524996556342,474.296875
354,data/bcbharmfulF/selected_2599719_874_900.java,0.10467441589571536,475.203125
355,data/bcbharmfulF/selected_108342_100_117.java,0.09789074980653822,475.59375
356,data/bcbharmfulF/selected_1091654_63_69.java,0.09705037507228553,475.65625
357,data/bcbharmfulF/selected_1677622_105_124.java,0.11050712480209768,475.828125
358,data/bcbharmfulF/selected_1835523_163_178.java,0.1042446659412235,476.015625
359,data/bcbharmfulF/selected_1129528_30_61.java,0.10756320902146399,476.09375
360,data/bcbharmfulF/selected_1591824_251_301.java,0.10610749991610646,476.296875
361,data/bcbharmfulF/selected_329626_64_73.java,0.10483212489634752,476.390625
362,data/bcbharmfulF/selected_199111_139_162.java,0.10900666704401374,476.40625
363,data/bcbharmfulF/default_21679_90_172.java,0.1065750839188695,476.65625
364,data/bcbharmfulF/selected_1700558_56_71.java,0.10437037516385317,476.890625
365,data/bcbharmfulF/selected_889549_75_86.java,0.10810504201799631,477.765625
366,data/bcbharmfulF/selected_1114967_69_84.java,0.11083970894105732,477.78125
367,data/bcbharmfulF/selected_707943_837_863.java,0.10657045897096395,477.78125
368,data/bcbharmfulF/selected_1607771_838_864.java,0.09800045797601342,477.78125
369,data/bcbharmfulF/selected_1729199_79_95.java,0.10430245799943805,477.8125
370,data/bcbharmfulF/selected_2350542_38_47.java,0.10420516598969698,477.8125
371,data/bcbharmfulF/selected_1827257_1369_1374.java,0.09678474999964237,477.8125
372,data/bcbharmfulF/selected_1377081_65_86.java,0.10932375001721084,478.1875
373,data/bcbharmfulF/selected_918375_256_260.java,0.11621229094453156,478.1875
374,data/bcbharmfulF/selected_2597181_73_117.java,0.0986293749883771,478.421875
375,data/bcbharmfulF/selected_2714762_211_241.java,0.10750220902264118,481.4375
376,data/bcbharmfulF/selected_1721030_22_49.java,0.10307691595517099,481.625
377,data/bcbharmfulF/default_41605_90_172.java,0.11966991703957319,481.625
378,data/bcbharmfulF/selected_1791239_31_81.java,0.10449566715396941,481.890625
379,data/bcbharmfulF/selected_2078997_185_195.java,0.10987862502224743,482.0625
380,data/bcbharmfulF/selected_2024008_15_39.java,0.11465150001458824,482.125
381,data/bcbharmfulF/selected_1761827_86_102.java,0.11456316686235368,483.203125
382,data/bcbharmfulF/selected_1608219_146_160.java,0.10762012517079711,483.203125
383,data/bcbharmfulF/selected_1650257_180_197.java,0.10659291711635888,483.953125
384,data/bcbharmfulF/selected_79331_56_67.java,0.10635637491941452,484.0
385,data/bcbharmfulF/selected_937219_22_43.java,0.11813833401538432,484.171875
386,data/bcbharmfulF/selected_2181149_45_63.java,0.09786758408881724,484.203125
387,data/bcbharmfulF/selected_468766_131_170.java,0.1074252501130104,485.15625
388,data/bcbharmfulF/selected_1330483_93_103.java,0.10764049994759262,485.15625
389,data/bcbharmfulF/selected_712665_265_269.java,0.10456758295185864,485.15625
390,data/bcbharmfulF/selected_1117280_39_41.java,0.1013934169895947,485.234375
391,data/bcbharmfulF/selected_570858_94_106.java,0.1057178748305887,485.265625
392,data/bcbharmfulF/selected_1113498_86_104.java,0.1074307078961283,485.265625
393,data/bcbharmfulF/selected_981046_706_750.java,0.10681233298964798,485.265625
394,data/bcbharmfulF/selected_2641354_62_80.java,0.10707662510685623,485.5
395,data/bcbharmfulF/selected_327063_157_168.java,0.10926816612482071,485.5
396,data/bcbharmfulF/selected_1828730_84_113.java,0.11653554113581777,485.625
397,data/bcbharmfulF/default_82481_27_46.java,0.11061429185792804,485.625
398,data/bcbharmfulF/selected_396851_203_227.java,0.09950683289207518,485.625
399,data/bcbharmfulF/selected_1851161_24_49.java,0.12754633300937712,487.328125
400,data/bcbharmfulF/selected_337686_57_166.java,0.11231379117816687,487.53125
401,data/bcbharmfulF/default_50141_90_172.java,0.10630412492901087,486.28125
402,data/bcbharmfulF/selected_207381_14_21.java,0.10345770791172981,486.28125
403,data/bcbharmfulF/selected_683921_51_104.java,0.11576125002466142,487.328125
404,data/bcbharmfulF/selected_1375735_28_37.java,0.10593066620640457,486.171875
405,data/bcbharmfulF/selected_971518_20_29.java,0.10449958313256502,487.40625
406,data/bcbharmfulF/selected_2065465_74_133.java,0.1017045839689672,487.890625
407,data/bcbharmfulF/selected_901651_30_66.java,0.11590987513773143,487.953125
408,data/bcbharmfulF/selected_1398567_98_115.java,0.11550733400508761,481.21875
409,data/bcbharmfulF/default_64536_90_172.java,0.12831445806659758,483.828125
410,data/bcbharmfulF/selected_280336_12_20.java,0.11222708388231695,483.828125
411,data/bcbharmfulF/selected_2248635_204_209.java,0.1280041669961065,436.34375
412,data/bcbharmfulF/selected_2301433_1006_1028.java,0.10413799993693829,416.28125
413,data/bcbharmfulF/selected_1786438_48_83.java,0.11436279187910259,425.0
414,data/bcbharmfulF/default_114479_90_172.java,0.14120829198509455,433.703125
415,data/bcbharmfulF/selected_1982357_26_33.java,0.10776966600678861,433.828125
416,data/bcbharmfulF/selected_1758932_51_99.java,0.10681158397346735,438.703125
417,data/bcbharmfulF/selected_57924_141_175.java,0.13312958390451968,426.453125
418,data/bcbharmfulF/selected_1461739_19_41.java,0.13389062485657632,431.25
419,data/bcbharmfulF/selected_100932_82_103.java,0.12733191717416048,434.609375
420,data/bcbharmfulF/default_85394_836_862.java,0.1262020410504192,441.765625
421,data/bcbharmfulF/default_134632_90_172.java,0.1081324580591172,435.453125
422,data/bcbharmfulF/selected_1809056_264_322.java,0.16810624999925494,436.765625
423,data/bcbharmfulF/selected_743207_59_119.java,0.20125758298672736,430.171875
424,data/bcbharmfulF/selected_1774039_27_30.java,0.17174374987371266,432.46875
425,data/bcbharmfulF/selected_1959984_38_55.java,0.10431958409026265,433.84375
426,data/bcbharmfulF/selected_135830_203_236.java,0.10807937500067055,436.625
427,data/AIZU384F/s914150223.cpp,0.10783987492322922,445.265625
428,data/AIZU384F/s263151229.py,0.12321316683664918,447.609375
429,data/AIZU384F/s126763827.c,0.10511012491770089,444.890625
430,data/AIZU384F/s328132963.py,0.11294395802542567,445.234375
431,data/AIZU384F/s997710385.java,0.10202675010077655,447.40625
432,data/AIZU384F/s325565445.c,0.11001091590151191,452.953125
433,data/AIZU384F/s447351877.cpp,0.11527720792219043,454.84375
434,data/AIZU384F/s443692412.ml,0.09711533295921981,454.875
435,data/AIZU384F/s830021900.py,0.10513887507840991,453.921875
436,data/AIZU384F/s034525611.rb,0.10843533393926919,455.1875
437,data/AIZU384F/s568625791.rb,0.11129654082469642,455.265625
438,data/AIZU384F/s655835008.c,0.1433644169010222,455.3125
439,data/AIZU384F/s173087348.py,0.10903191613033414,424.5625
440,data/AIZU384F/s533774468.cpp,0.11854045907966793,432.21875
441,data/AIZU384F/s059185981.py,0.1123479581438005,438.4375
442,data/AIZU384F/s432775037.cpp,0.0994906248524785,421.703125
443,data/AIZU384F/s804849925.c,0.11955183302052319,426.640625
444,data/AIZU384F/s961603069.rb,0.12055062502622604,433.890625
445,data/AIZU384F/s970628751.java,0.20204437500797212,427.21875
446,data/AIZU384F/s246119589.js,0.10544354096055031,433.703125
447,data/AIZU384F/s060165176.c,0.12179945805110037,434.6875
448,data/AIZU384F/s690859247.scala,0.11188974999822676,435.0
449,data/AIZU384F/s980377612.go,0.1209757081232965,438.515625
450,data/AIZU384F/s069608225.go,0.11120458296500146,440.390625
451,data/AIZU384F/s039281850.cpp,0.10018304199911654,444.890625
452,data/AIZU384F/s130134218.c,0.11736862501129508,445.375
453,data/AIZU384F/s703642307.go,0.10747450008057058,446.1875
454,data/AIZU384F/s723148757.java,0.11750033311545849,443.203125
455,data/AIZU384F/s631006682.cpp,0.12236199993640184,446.953125
456,data/AIZU384F/s470924067.c,0.12324300012551248,447.171875
457,data/AIZU384F/s669156191.rs,0.11493512499146163,446.515625
458,data/AIZU384F/s566926706.cpp,0.10839304118417203,449.4375
459,data/AIZU384F/s769167186.cpp,0.09506012499332428,449.703125
460,data/AIZU384F/s617699377.cpp,0.12024329090490937,436.6875
461,data/AIZU384F/s409653558.cpp,0.1216747909784317,437.515625
462,data/AIZU384F/s345418369.rs,0.11804812494665384,442.25
463,data/AIZU384F/s100343328.ml,0.12317533418536186,438.359375
464,data/AIZU384F/s285493269.cs,0.10675270901992917,444.03125
465,data/AIZU384F/s315158212.java,0.10723383305594325,449.59375
466,data/AIZU384F/s842481625.cpp,0.11283395905047655,452.828125
467,data/AIZU384F/s756124035.rb,0.10443391604349017,454.875
468,data/AIZU384F/s744028542.kt,0.10521574993617833,459.46875
469,data/AIZU384F/s817700369.d,0.1328739169985056,459.578125
470,data/AIZU384F/s656955796.cpp,0.10857545887120068,435.84375
471,data/AIZU384F/s728834183.cpp,0.10913204192183912,443.109375
472,data/AIZU384F/s933843513.hs,0.10700616706162691,443.25
473,data/AIZU384F/s871201095.java,0.11063054180704057,447.0625
474,data/AIZU384F/s370866089.ml,0.10891016689129174,447.140625
475,data/AIZU384F/s607957374.rb,0.09790579206310213,454.71875
476,data/AIZU384F/s811553468.py,0.10832666698843241,454.875
477,data/AIZU384F/s329305299.js,0.10964999999850988,455.125
478,data/AIZU384F/s851312932.cpp,0.10679324995726347,455.234375
479,data/AIZU384F/s946704443.cpp,0.10557779110968113,455.390625
480,data/AIZU384F/s298292314.cpp,0.10589420911855996,455.546875
481,data/AIZU384F/s485338081.py,0.10386883304454386,455.609375
482,data/AIZU384F/s871968629.c,0.11042945901863277,455.734375
483,data/AIZU384F/s777446140.cpp,0.128787541994825,458.578125
484,data/AIZU384F/s666636734.cpp,0.11921070795506239,446.796875
485,data/AIZU384F/s929404785.kt,0.11230712500400841,449.1875
486,data/AIZU384F/s882868883.py,0.10595929203554988,447.578125
487,data/AIZU384F/s565497742.java,0.11383437504991889,439.421875
488,data/AIZU384F/s134109802.c,0.10608954192139208,446.65625
489,data/AIZU384F/s666815294.go,0.10432333312928677,447.515625
490,data/AIZU384F/s852674390.cpp,0.10748179187066853,448.40625
491,data/AIZU384F/s021272473.py,0.11362579092383385,450.765625
492,data/AIZU384F/s348805681.rs,0.11154708382673562,451.109375
493,data/AIZU384F/s525185553.cs,0.10339241614565253,451.265625
494,data/AIZU384F/s343462014.py,0.10853466694243252,451.4375
495,data/AIZU384F/s633205343.rb,0.10467791697010398,452.1875
496,data/AIZU384F/s933692560.cpp,0.12038208404555917,455.875
497,data/AIZU384F/s222684785.js,0.11698470800183713,455.953125
498,data/AIZU384F/s086669891.cpp,0.10122354188933969,455.5625
499,data/AIZU384F/s615646264.py,0.11030225013382733,448.453125
500,data/AIZU384F/s301050841.php,0.11277937493287027,449.625
501,data/AIZU384F/s702147951.cpp,0.11303916713222861,450.625
502,data/AIZU384F/s397394605.cpp,0.10841862508095801,454.671875
503,data/AIZU384F/s001284740.c,0.10920291696675122,454.8125
504,data/AIZU384F/s914754335.c,0.11386591591872275,457.96875
505,data/AIZU384F/s519366891.java,0.09953200002200902,458.171875
506,data/AIZU384F/s305864272.php,0.10211424995213747,459.703125
507,data/AIZU384F/s116527152.ml,0.10419058287516236,459.703125
508,data/AIZU384F/s968768989.cpp,0.10346045903861523,459.765625
509,data/AIZU384F/s077522407.rb,0.10628945799544454,459.890625
510,data/AIZU384F/s505248297.cpp,0.10663199983537197,460.078125
511,data/AIZU384F/s345697780.cpp,0.12778270803391933,460.640625
512,data/AIZU384F/s486973492.java,0.12756829103454947,461.734375
513,data/AIZU384F/s769577409.java,0.10898095788434148,458.3125
514,data/AIZU384F/s106006653.cpp,0.11380466702394187,454.75
515,data/AIZU384F/s316782302.cs,0.10573404096066952,455.078125
516,data/AIZU384F/s492378738.c,0.10101716709323227,455.09375
517,data/AIZU384F/s261252159.py,0.1149490000680089,458.578125
518,data/AIZU384F/s151600229.java,0.1105888329911977,458.578125
519,data/AIZU384F/s431755955.hs,0.10285183298401535,460.109375
520,data/AIZU384F/s807291795.java,0.12169149983674288,434.90625
521,data/AIZU384F/s302276730.d,0.10500604216940701,438.0
522,data/AIZU384F/s644733132.cpp,0.11412395816296339,439.4375
523,data/AIZU384F/s777959991.py,0.1026098751462996,440.15625
524,data/AIZU384F/s882186173.cpp,0.2738617090508342,442.09375
525,data/AIZU384F/s242033981.hs,0.1145261658821255,435.125
526,data/AIZU384F/s716686329.cs,0.1048623330425471,437.453125
527,data/AIZU384F/s736825777.kt,0.12845358299091458,434.171875
528,data/AIZU384F/s843436913.scala,0.10707304091192782,436.265625
529,data/AIZU384F/s835285662.cpp,0.11324237496592104,437.84375
530,data/AIZU384F/s744337542.java,0.10881958319805562,441.15625
531,data/AIZU384F/s486808024.c,0.10601366613991559,441.421875
532,data/AIZU384F/s748760817.java,0.10335883288644254,443.375
533,data/AIZU384F/s423904448.c,0.09707750007510185,437.296875
534,data/AIZU384F/s574020971.php,0.10382604203186929,437.40625
535,data/AIZU384F/s712928618.cpp,0.09881462506018579,447.09375
536,data/AIZU384F/s414756811.java,0.10354312509298325,447.21875
537,data/AIZU384F/s217422863.java,0.10282408283092082,449.921875
538,data/AIZU384F/s372645134.py,0.09843775001354516,451.078125
539,data/AIZU384F/s580288061.cpp,0.10558999981731176,452.828125
540,data/AIZU384F/s351795400.cpp,0.09785225009545684,452.984375
541,data/AIZU384F/s891514124.c,0.09830212499946356,453.390625
542,data/AIZU384F/s484256723.cpp,0.1165556670166552,457.015625
543,data/AIZU384F/s073949882.c,0.10095820808783174,455.6875
544,data/AIZU384F/s892848577.cpp,0.11406891606748104,457.4375
545,data/AIZU384F/s618319453.ml,0.09765654196962714,457.71875
546,data/AIZU384F/s058615185.cpp,0.09743920899927616,450.546875
547,data/AIZU384F/s544454570.c,0.11158725013956428,456.40625
548,data/AIZU384F/s414684908.java,0.09916837490163743,428.0625
549,data/AIZU384F/s957242129.py,0.1150499579962343,438.46875
550,data/AIZU384F/s464891622.rb,0.10835533286444843,427.4375
551,data/AIZU384F/s959511460.cpp,0.11317325010895729,429.171875
552,data/AIZU384F/s392113801.java,0.11853720783255994,438.90625
553,data/AIZU384F/s940977804.cpp,0.12955254199914634,431.984375
554,data/AIZU384F/s294596518.hs,0.11253020889125764,437.265625
555,data/AIZU384F/s007996429.py,0.1141162090934813,441.34375
556,data/AIZU384F/s462107219.kt,0.10856095911003649,430.546875
557,data/AIZU384F/s071217548.php,0.10236787516623735,435.9375
558,data/AIZU384F/s248972322.go,0.11536412499845028,440.84375
559,data/AIZU384F/s352595090.php,0.1032064170576632,441.40625
560,data/AIZU384F/s661554320.kt,0.12161624990403652,440.40625
561,data/AIZU384F/s021894484.java,0.10766995814628899,422.515625
562,data/AIZU384F/s814147212.cpp,0.10932508297264576,430.515625
563,data/AIZU384F/s673735814.cs,0.10592170781455934,438.875
564,data/AIZU384F/s885615049.cpp,0.10839566704817116,441.84375
565,data/AIZU384F/s346345751.cpp,0.10992716602049768,448.109375
566,data/AIZU384F/s904912083.java,0.10494262492284179,449.015625
567,data/AIZU384F/s523421001.cpp,0.10623400006443262,449.03125
568,data/AIZU384F/s857044419.cpp,0.10571441682986915,450.59375
569,data/AIZU384F/s853698913.java,0.12035325006581843,450.96875
570,data/AIZU384F/s153295410.rs,0.0998858748935163,428.953125
571,data/AIZU384F/s120761472.cpp,0.1361064170487225,435.875
572,data/AIZU384F/s596250531.py,0.11694379104301333,440.546875
573,data/AIZU384F/s689815459.java,0.10751937492750585,442.34375
574,data/AIZU384F/s172999755.cpp,0.11861141701228917,448.078125
575,data/AIZU384F/s486282597.scala,0.10783970891498029,428.53125
576,data/AIZU384F/s862759310.c,0.10222341702319682,431.9375
577,data/AIZU384F/s517829184.java,0.10944199981167912,430.078125
578,data/AIZU384F/s331345393.js,0.10747941699810326,425.796875
579,data/AIZU384F/s809644372.cpp,0.13056041696108878,450.546875
580,data/AIZU384F/s784330565.d,0.10635974979959428,452.609375
581,data/AIZU384F/s941144158.d,0.10993137513287365,458.203125
582,data/AIZU384F/s520990205.cpp,0.10669058398343623,460.203125
583,data/AIZU384F/s226836899.py,0.10605162498541176,461.0625
584,data/AIZU384F/s611133297.c,0.12224454199895263,464.578125
585,data/AIZU384F/s760893155.py,0.13145608291961253,445.875
586,data/AIZU384F/s759431243.cpp,0.1328475831542164,454.609375
587,data/AIZU384F/s549024168.js,0.1457198748830706,455.09375
588,data/AIZU384F/s084323773.cpp,0.12953504198230803,455.546875
589,data/AIZU384F/s159015608.go,0.11316779092885554,424.96875
590,data/AIZU384F/s297215381.rb,0.12050937488675117,432.078125
591,data/AIZU384F/s145037913.ml,0.11224495898932219,439.4375
592,data/AIZU384F/s905193886.scala,0.13664350006729364,442.25
593,data/AIZU384F/s983102463.js,0.10304191615432501,444.375
594,data/AIZU384F/s446516507.cpp,0.11143604200333357,446.328125
595,data/AIZU384F/s617950876.kt,0.1125109160784632,449.875
596,data/AIZU384F/s401330999.rs,0.11121862498112023,450.859375
597,data/AIZU384F/s864446673.cpp,0.10906058317050338,451.046875
598,data/AIZU384F/s003518057.cpp,0.11630604206584394,452.4375
599,data/AIZU384F/s811601661.cpp,0.1005484159104526,452.8125
600,data/AIZU384F/s739844489.scala,0.10275479103438556,437.015625
601,data/AIZU384F/s679800995.hs,0.10828816704452038,438.703125
602,data/AIZU384F/s549672624.scala,0.10714437486603856,440.390625
603,data/AIZU384F/s771290744.py,0.11455979105085135,441.875
604,data/AIZU384F/s401002637.php,0.10813916614279151,445.8125
605,data/AIZU384F/s956040987.d,0.1298783749807626,438.84375
606,data/AIZU384F/s090889632.java,0.11101208301261067,444.078125
607,data/AIZU384F/s199586886.cs,0.1640640408731997,444.40625
608,data/AIZU384F/s108019752.cs,0.10842129099182785,441.453125
609,data/AIZU384F/s791154395.c,0.10794937494210899,444.328125
610,data/AIZU384F/s054727969.java,0.10950975003652275,452.359375
611,data/AIZU384F/s549114439.cs,0.11636779108084738,452.578125
612,data/AIZU384F/s565638831.rs,0.12363237491808832,454.15625
613,data/AIZU384F/s771872639.cpp,0.11685179080814123,456.078125
614,data/AIZU384F/s683338068.d,0.2160257080104202,456.84375
615,data/AIZU384F/s786942273.cs,0.12320570787414908,438.015625
616,data/AIZU384F/s034095173.hs,0.1277629160322249,439.1875
617,data/AIZU384F/s847898096.c,0.11327608302235603,435.0
618,data/AIZU384F/s560050005.py,0.10928137507289648,438.5625
619,data/SeSaMeF/1508.java,0.10908995801582932,441.5
620,data/SeSaMeF/26738.java,0.11287766601890326,442.09375
621,data/SeSaMeF/31012.java,0.10766383400186896,444.8125
622,data/SeSaMeF/12322.java,0.09063191595487297,445.0
623,data/SeSaMeF/46085.java,0.11655287491157651,445.484375
624,data/SeSaMeF/40278.java,0.10488220816478133,450.484375
625,data/SeSaMeF/8115.java,0.09930933313444257,450.625
626,data/SeSaMeF/8400.java,0.11056983307935297,451.0625
627,data/SeSaMeF/839.java,0.10921662487089634,447.71875
628,data/SeSaMeF/21383.java,0.0970569581259042,447.515625
629,data/SeSaMeF/17474.java,0.10467825015075505,448.40625
630,data/SeSaMeF/9483.java,0.1090887919999659,452.515625
631,data/SeSaMeF/36796.java,0.11578770889900625,453.984375
632,data/SeSaMeF/8154.java,0.10375408292748034,457.234375
633,data/SeSaMeF/4874.java,0.09865945787169039,456.90625
634,data/SeSaMeF/41582.java,0.09537774999625981,457.0
635,data/SeSaMeF/2109.java,0.10793633409775794,460.09375
636,data/SeSaMeF/55650.java,0.11090349988080561,430.6875
637,data/SeSaMeF/58577.java,0.10160554107278585,438.0
638,data/SeSaMeF/7976.java,0.08945729210972786,445.109375
639,data/SeSaMeF/14960.java,0.1113105418626219,451.640625
640,data/SeSaMeF/14063.java,0.1191331660374999,436.5
641,data/SeSaMeF/28419.java,0.10357070900499821,437.953125
642,data/SeSaMeF/15035.java,0.10223062499426305,439.203125
643,data/SeSaMeF/27514.java,0.11436170781962574,439.515625
644,data/SeSaMeF/11975.java,0.11299295909702778,436.59375
645,data/SeSaMeF/34154.java,0.10856183315627277,437.59375
646,data/SeSaMeF/12436.java,0.11426770896650851,439.828125
647,data/SeSaMeF/58625.java,0.11619966686703265,441.78125
648,data/SeSaMeF/19104.java,0.1034717089496553,445.375
649,data/SeSaMeF/54578.java,0.10325470799580216,446.03125
650,data/SeSaMeF/25084.java,0.10828891699202359,446.65625
651,data/SeSaMeF/18579.java,0.12143845786340535,446.859375
652,data/SeSaMeF/14809.java,0.11283787502907217,447.90625
653,data/SeSaMeF/15131.java,0.11005645804107189,445.5625
654,data/SeSaMeF/1461.java,0.10595220793038607,448.171875
655,data/SeSaMeF/37555.java,0.10190937505103648,450.640625
656,data/SeSaMeF/40891.java,0.10468916688114405,450.90625
657,data/SeSaMeF/13909.java,0.1241873751860112,451.125
658,data/SeSaMeF/47745.java,0.10875504091382027,454.59375
659,data/SeSaMeF/546.java,0.10595008288510144,454.765625
660,data/SeSaMeF/14798.java,0.11665600002743304,454.890625
661,data/SeSaMeF/12565.java,0.10144208394922316,455.046875
662,data/SeSaMeF/19329.java,0.10330870794132352,455.3125
663,data/SeSaMeF/13661.java,0.11015441711060703,455.4375
664,data/SeSaMeF/3688.java,0.11937079182825983,455.515625
665,data/SeSaMeF/35231.java,0.11129950010217726,455.6875
666,data/SeSaMeF/3539.java,0.1043627499602735,457.390625
667,data/SeSaMeF/33536.java,0.09781625005416572,428.125
668,data/SeSaMeF/13883.java,0.11830099998041987,434.296875
669,data/SeSaMeF/58582.java,0.10222837515175343,445.09375
670,data/SeSaMeF/12545.java,0.11134362500160933,447.375
671,data/SeSaMeF/19309.java,0.10856108297593892,447.4375
672,data/SeSaMeF/7487.java,0.10933912498876452,442.265625
673,data/SeSaMeF/14242.java,0.10603020805865526,443.140625
674,data/SeSaMeF/19866.java,0.11386833293363452,445.46875
675,data/SeSaMeF/17481.java,0.10959074995480478,446.0
676,data/SeSaMeF/15146.java,0.10316591616719961,448.296875
677,data/SeSaMeF/2390.java,0.10763470898382366,448.15625
678,data/SeSaMeF/659.java,0.10212750011123717,446.46875
679,data/SeSaMeF/40720.java,0.11712754098698497,452.46875
680,data/SeSaMeF/17881.java,0.10657304106280208,452.65625
681,data/SeSaMeF/9876.java,0.1333781669382006,452.625
682,data/SeSaMeF/17478.java,0.11036816681735218,453.015625
683,data/SeSaMeF/5910.java,0.10718037490732968,453.96875
684,data/SeSaMeF/35362.java,0.11602624994702637,454.546875
685,data/SeSaMeF/11282.java,0.1335002079140395,458.265625
686,data/SeSaMeF/9088.java,0.12285770894959569,458.875
687,data/SeSaMeF/27975.java,0.12898666597902775,459.140625
688,data/SeSaMeF/7583.java,0.11170708294957876,458.21875
689,data/SeSaMeF/12338.java,0.11568974982947111,459.921875
690,data/SeSaMeF/15107.java,0.10141770890913904,461.890625
691,data/SeSaMeF/1210.java,0.10789116704836488,461.9375
692,data/SeSaMeF/12986.java,0.10661574988625944,462.1875
693,data/SeSaMeF/12590.java,0.1060757499653846,462.28125
694,data/SeSaMeF/56725.java,0.16430566692724824,462.34375
695,data/SeSaMeF/5711.java,0.1137715841177851,462.65625
696,data/SeSaMeF/45365.java,0.10464487504214048,462.71875
697,data/SeSaMeF/20320.java,0.10871191695332527,464.296875
698,data/SeSaMeF/49995.java,0.10727449995465577,468.1875
699,data/SeSaMeF/4546.java,0.10829691705293953,468.671875
700,data/SeSaMeF/3283.java,0.10268312506377697,468.703125
701,data/SeSaMeF/5357.java,0.10916262515820563,468.8125
702,data/SeSaMeF/29814.java,0.12569016683846712,468.8125
703,data/SeSaMeF/15078.java,0.09554320899769664,469.109375
704,data/SeSaMeF/1206.java,0.1145989578217268,469.140625
705,data/SeSaMeF/12139.java,0.11251991684548557,469.1875
706,data/SeSaMeF/5300.java,0.10538133280351758,469.265625
707,data/SeSaMeF/37762.java,0.10734733403660357,469.3125
708,data/SeSaMeF/37332.java,0.11008579097688198,464.078125
709,data/SeSaMeF/9909.java,0.11097454209811985,467.453125
710,data/SeSaMeF/11579.java,0.11171170813031495,467.5625
711,data/SeSaMeF/5496.java,0.10581941599957645,468.078125
712,data/SeSaMeF/55325.java,0.10968691599555314,467.484375
713,data/SeSaMeF/29141.java,0.10057529085315764,467.609375
714,data/SeSaMeF/60084.java,0.10991258407011628,468.859375
715,data/SeSaMeF/12092.java,0.107776332879439,470.8125
716,data/SeSaMeF/14003.java,0.1127389578614384,471.0
717,data/SeSaMeF/39950.java,0.11412766692228615,435.21875
718,data/SeSaMeF/11939.java,0.11598804197274148,443.5625
719,data/SeSaMeF/12616.java,0.09517187508754432,445.390625
720,data/SeSaMeF/57573.java,0.11259166710078716,448.859375
721,data/SeSaMeF/36060.java,0.10232025012373924,450.5625
722,data/SeSaMeF/47123.java,0.1148771250154823,452.203125
723,data/SeSaMeF/19373.java,0.10694941598922014,451.3125
724,data/SeSaMeF/47089.java,0.10633908282034099,457.609375
725,data/SeSaMeF/18077.java,0.11091058398596942,454.484375
726,data/SeSaMeF/2493.java,0.11581970797851682,458.03125
727,data/SeSaMeF/45364.java,0.09645270789042115,458.171875
728,data/SeSaMeF/6645.java,0.13537720893509686,438.609375
729,data/SeSaMeF/30321.java,0.11070574983023107,440.453125
730,data/SeSaMeF/19365.java,0.09858770901337266,446.90625
731,data/SeSaMeF/14804.java,0.11622416717000306,447.15625
732,data/SeSaMeF/12196.java,0.11818908411078155,435.671875
733,data/SeSaMeF/3410.java,0.10573579207994044,443.390625
734,data/SeSaMeF/60138.java,0.10526450001634657,443.4375
735,data/SeSaMeF/57162.java,0.1066914580296725,445.625
736,data/SeSaMeF/1704.java,0.10865745809860528,449.34375
737,data/SeSaMeF/15254.java,0.13489000010304153,425.5
738,data/SeSaMeF/34159.java,0.13690991699695587,424.328125
739,data/SeSaMeF/176.java,0.10762699996121228,428.984375
740,data/SeSaMeF/9066.java,0.13179004192352295,434.21875
741,data/SeSaMeF/14717.java,0.11999799986369908,435.0625
742,data/SeSaMeF/28382.java,0.11253591603599489,436.1875
743,data/SeSaMeF/20927.java,0.11023445799946785,438.59375
744,data/SeSaMeF/4438.java,0.10206937487237155,442.625
745,data/SeSaMeF/37535.java,0.1117851659655571,443.015625
746,data/SeSaMeF/13986.java,0.12126387492753565,444.78125
747,data/SeSaMeF/37889.java,0.10902295797131956,444.9375
748,data/SeSaMeF/4896.java,0.10885774996131659,445.109375
749,data/SeSaMeF/13586.java,0.11273766588419676,445.65625
750,data/SeSaMeF/25322.java,0.10896541690453887,425.546875
751,data/SeSaMeF/19308.java,0.1068059999961406,430.125
752,data/SeSaMeF/3646.java,0.10454079206101596,432.796875
753,data/SeSaMeF/58079.java,0.11709533305838704,436.6875
754,data/SeSaMeF/38.java,0.11874945787712932,441.1875
755,data/SeSaMeF/22633.java,0.10567866591736674,441.46875
756,data/SeSaMeF/14701.java,0.1442090410273522,442.6875
757,data/SeSaMeF/13494.java,0.11397312488406897,444.296875
758,data/SeSaMeF/5680.java,0.10982383298687637,445.125
759,data/SeSaMeF/48350.java,0.11605449998751283,447.796875
760,data/SeSaMeF/18539.java,0.11163691594265401,447.90625
761,data/SeSaMeF/36191.java,0.13373120897449553,448.046875
762,data/SeSaMeF/19797.java,0.11409849999472499,426.703125
763,data/SeSaMeF/23686.java,0.1106486248318106,425.09375
764,data/SeSaMeF/52815.java,0.1032483340241015,428.9375
765,data/SeSaMeF/7449.java,0.10842954204417765,430.5
766,data/SeSaMeF/547.java,0.09676695801317692,435.046875
767,data/SeSaMeF/34051.java,0.10749879200011492,435.359375
768,data/SeSaMeF/28137.java,0.12342524994164705,435.515625
769,data/SeSaMeF/43183.java,0.13826808310113847,436.15625
770,data/SeSaMeF/14808.java,0.13591150008141994,428.46875
771,data/SeSaMeF/25656.java,0.12530350009910762,437.59375
772,data/SeSaMeF/48223.java,0.12274420890025795,429.28125
773,data/SeSaMeF/9416.java,0.2056037918664515,438.625
774,data/SeSaMeF/57355.java,0.12678908417001367,439.34375
775,data/SeSaMeF/855.java,0.11756091611459851,439.609375
776,data/SeSaMeF/5570.java,0.10564270801842213,417.96875
777,data/SeSaMeF/41813.java,0.11582920793443918,427.59375
778,data/SeSaMeF/14019.java,0.1100804170127958,433.734375
779,data/SeSaMeF/14760.java,0.1116558751091361,416.234375
780,data/SeSaMeF/56513.java,0.11191033315844834,419.296875
781,data/SeSaMeF/802.java,0.13223295798525214,421.765625
782,data/SeSaMeF/253.java,0.100425582844764,431.09375
783,data/SeSaMeF/3522.java,0.11333820805884898,432.453125
784,data/SeSaMeF/50668.java,0.11045970814302564,437.078125
785,data/SeSaMeF/5272.java,0.11593700014054775,433.0625
786,data/SeSaMeF/19312.java,0.10872541600838304,437.03125
787,data/SeSaMeF/17475.java,0.11662483308464289,440.828125
788,data/SeSaMeF/8339.java,0.09639358287677169,441.5625
789,data/SeSaMeF/21117.java,0.1307204170152545,444.25
790,data/SeSaMeF/21697.java,0.10384545801207423,448.28125
791,data/SeSaMeF/357.java,0.09536699997261167,435.28125
792,data/SeSaMeF/212.java,0.11024837498553097,438.140625
793,data/SeSaMeF/27190.java,0.09983075014315546,444.78125
794,data/SeSaMeF/57292.java,0.1289578340947628,445.328125
795,data/SeSaMeF/19216.java,0.12204404221847653,445.390625
796,data/SeSaMeF/5399.java,0.10850162501446903,436.3125
797,data/SeSaMeF/55094.java,0.12220316706225276,439.015625
798,data/SeSaMeF/4422.java,0.11511929100379348,440.9375
799,data/SeSaMeF/27981.java,0.10709483316168189,441.0
800,data/SeSaMeF/13532.java,0.1164147921372205,441.109375
801,data/SeSaMeF/39970.java,0.10162495798431337,426.296875
802,data/SeSaMeF/5687.java,0.10770933283492923,430.515625
803,data/SeSaMeF/2007.java,0.1297417499590665,428.78125
804,data/SeSaMeF/18549.java,0.12049891683273017,434.828125
805,data/SeSaMeF/33619.java,0.09922729199752212,441.96875
806,data/SeSaMeF/56349.java,0.12087474996224046,437.796875
807,data/SeSaMeF/19358.java,0.10413824999704957,440.953125
808,data/SeSaMeF/12797.java,0.10638333391398191,441.296875
809,data/SeSaMeF/5812.java,0.1094245829153806,443.4375
810,data/SeSaMeF/4700.java,0.10598787502385676,449.859375
811,data/SeSaMeF/11011.java,0.11369800008833408,446.421875
812,data/SeSaMeF/45359.java,0.1112582499627024,446.546875
813,data/SeSaMeF/1447.java,0.11992870806716383,445.53125
814,data/SeSaMeF/5404.java,0.10763754206709564,453.25
815,data/SeSaMeF/14881.java,0.11524745915085077,453.671875
816,data/SeSaMeF/41064.java,0.10316279204562306,439.890625
817,data/SeSaMeF/14497.java,0.13335495814681053,441.21875
818,data/SeSaMeF/30432.java,0.11864466709084809,442.203125
819,data/SeSaMeF/58750.java,0.12403924996033311,446.453125
820,data/SeSaMeF/1555.java,0.122264709090814,446.484375
821,data/SeSaMeF/560.java,0.10257483297027647,441.9375
822,data/SeSaMeF/68.java,0.12888379185460508,445.015625
823,data/SeSaMeF/15140.java,0.11682695802301168,443.125
824,data/SeSaMeF/27932.java,0.11157366610132158,449.578125
825,data/SeSaMeF/11553.java,0.10669349995441735,449.71875
826,data/SeSaMeF/18508.java,0.10672512510791421,449.890625
827,data/SeSaMeF/12806.java,0.10934591689147055,441.703125
828,data/SeSaMeF/8332.java,0.1446482501924038,434.859375
829,data/SeSaMeF/29193.java,0.13599395798519254,435.546875
830,data/SeSaMeF/38106.java,0.15059916581958532,432.03125
831,data/SeSaMeF/31262.java,0.12860583397559822,436.28125
832,data/SeSaMeF/44362.java,0.13834720803424716,437.75
833,data/SeSaMeF/46076.java,0.27134312503039837,442.578125
834,data/SeSaMeF/736.java,0.1389716248959303,435.0625
835,data/SeSaMeF/21976.java,0.14405450015328825,434.5625
836,data/SeSaMeF/14784.java,0.1345689590089023,441.09375
837,data/SeSaMeF/809.java,0.12435479182749987,460.296875
838,data/SeSaMeF/14803.java,0.13330095796845853,466.6875
839,data/SeSaMeF/18123.java,0.09975391603074968,467.984375
840,data/SeSaMeF/18965.java,0.14227895787917078,461.75
841,data/SeSaMeF/3293.java,0.1149171250872314,437.078125
842,data/SeSaMeF/45363.java,0.10833887499757111,440.03125
843,data/SeSaMeF/11882.java,0.1292555828113109,442.84375
844,data/SeSaMeF/19374.java,0.17064358294010162,435.53125
845,data/SeSaMeF/15357.java,0.11397208389826119,429.09375
846,data/SeSaMeF/53188.java,0.1134036669973284,434.40625
847,data/SeSaMeF/29111.java,0.11813695798628032,439.328125
848,data/SeSaMeF/50032.java,0.13437712495215237,439.828125
849,data/SeSaMeF/36876.java,0.11423733294941485,421.53125
850,data/SeSaMeF/56627.java,0.12110625021159649,421.625
851,data/SeSaMeF/34324.java,0.11274545802734792,424.671875
852,data/SeSaMeF/44.java,0.12930491706356406,424.859375
853,data/SeSaMeF/31825.java,0.11170875001698732,427.0625
854,data/SeSaMeF/29561.java,0.11720358300954103,424.296875
855,data/SeSaMeF/7570.java,0.11402466706931591,426.90625
856,data/SeSaMeF/4833.java,0.11745916702784598,429.359375
857,data/SeSaMeF/1298.java,0.11724920803681016,431.828125
858,data/SeSaMeF/12148.java,0.10823041689582169,433.25
859,data/SeSaMeF/64.java,0.12706570886075497,434.546875
860,data/SeSaMeF/3421.java,0.1189615000039339,439.875
861,data/SeSaMeF/49321.java,0.11538683297112584,440.109375
862,data/SeSaMeF/15320.java,0.11632270901463926,443.078125
863,data/SeSaMeF/215.java,0.12271633394993842,443.421875
864,data/SeSaMeF/13124.java,0.11568916705437005,441.03125
865,data/SeSaMeF/19315.java,0.12813929212279618,446.359375
866,data/SeSaMeF/6459.java,0.11879249988123775,444.609375
867,data/SeSaMeF/50004.java,0.1378605419304222,445.5
868,data/SeSaMeF/2271.java,0.11465574987232685,445.703125
869,data/SeSaMeF/3749.java,0.14197745779529214,439.53125
870,data/SeSaMeF/59049.java,0.11986787500791252,439.96875
871,data/SeSaMeF/3319.java,0.1390535831451416,443.34375
872,data/SeSaMeF/2508.java,0.1139174581039697,444.125
873,data/SeSaMeF/5465.java,0.11483433400280774,445.703125
874,data/SeSaMeF/14272.java,0.11699849995784461,445.859375
875,data/SeSaMeF/9780.java,0.11347345798276365,445.9375
876,data/SeSaMeF/7771.java,0.1245337501168251,446.0
877,data/SeSaMeF/41286.java,0.11810816708020866,446.140625
878,data/SeSaMeF/25128.java,0.10980620887130499,446.890625
879,data/SeSaMeF/36092.java,0.11771250003948808,436.1875
880,data/SeSaMeF/31307.java,0.1183751670178026,439.96875
881,data/SeSaMeF/21307.java,0.11601970787160099,444.046875
882,data/SeSaMeF/27046.java,0.1076229999307543,446.234375
883,data/SeSaMeF/57344.java,0.12840154208242893,446.78125
884,data/SeSaMeF/31038.java,0.12898749997839332,446.921875
885,data/SeSaMeF/1125.java,0.13309704209677875,448.921875
886,data/SeSaMeF/25169.java,0.11843520891852677,449.09375
887,data/SeSaMeF/686.java,0.12204208294861019,450.8125
888,data/SeSaMeF/28473.java,0.1323789998423308,447.59375
889,data/SeSaMeF/12562.java,0.11406970792450011,448.421875
890,data/SeSaMeF/37339.java,0.12167283380404115,448.5625
891,data/SeSaMeF/35754.java,0.1128708329051733,449.46875
892,data/SeSaMeF/31255.java,0.11952591687440872,449.703125
893,data/SeSaMeF/28561.java,0.11864324985072017,444.625
894,data/SeSaMeF/14377.java,0.12242233310826123,445.3125
895,data/SeSaMeF/28648.java,0.1188762909732759,437.734375
896,data/SeSaMeF/15136.java,0.16770516685210168,415.875
897,data/SeSaMeF/15073.java,0.1078862501308322,424.375
898,data/SeSaMeF/146.java,0.13057004194706678,422.03125
899,data/SeSaMeF/59434.java,0.11853912496007979,414.15625
900,data/SeSaMeF/14224.java,0.12385966698639095,428.09375
901,data/SeSaMeF/5825.java,0.13909266702830791,432.4375
902,data/SeSaMeF/25579.java,0.11033404199406505,435.328125
903,data/SeSaMeF/25083.java,0.11607129196636379,421.484375
904,data/SeSaMeF/5608.java,0.13207570812664926,428.5625
905,data/SeSaMeF/22068.java,0.11135929194279015,432.25
906,data/SeSaMeF/6531.java,0.1384831250179559,433.5
907,data/SeSaMeF/26494.java,0.11723400000482798,437.46875
908,data/SeSaMeF/24082.java,0.12730225012637675,437.59375
909,data/SeSaMeF/46094.java,0.12054970883764327,429.078125
910,data/SeSaMeF/17561.java,0.13293954101391137,429.046875
911,data/SeSaMeF/56610.java,0.11307666590437293,430.5625
912,data/SeSaMeF/6458.java,0.11531129200011492,432.09375
913,data/SeSaMeF/5274.java,0.12843087501823902,433.875
914,data/SeSaMeF/51643.java,0.11908741598017514,434.0625
915,data/SeSaMeF/47797.java,0.1147277089767158,435.3125
916,data/SeSaMeF/73.java,0.13786299992352724,435.1875
917,data/SeSaMeF/25447.java,0.15081758401356637,429.015625
918,data/SeSaMeF/19482.java,0.13876670808531344,435.25
919,data/SeSaMeF/701.java,0.16548129194416106,432.09375
920,data/SeSaMeF/25282.java,0.16335608391091228,427.765625
921,data/SeSaMeF/36011.java,0.1505509160924703,405.625
922,data/SeSaMeF/5262.java,0.15055974991992116,424.34375
923,data/SeSaMeF/14863.java,0.12971091712825,430.078125
924,data/SeSaMeF/65.java,0.16460858401842415,431.828125
925,data/SeSaMeF/39864.java,0.1363675829488784,427.609375
926,data/SeSaMeF/48531.java,0.14478487498126924,432.96875
927,data/SeSaMeF/29188.java,0.15322895790450275,433.609375
928,data/SeSaMeF/22394.java,0.14858229202218354,434.65625
929,data/SeSaMeF/57386.java,0.13274470902979374,431.859375
930,data/SeSaMeF/28721.java,0.15125162503682077,434.0625
931,data/SeSaMeF/46082.java,0.12122604204341769,427.578125
932,data/SeSaMeF/46981.java,0.12358670891262591,432.03125
933,data/SeSaMeF/54545.java,0.1204221670050174,430.875
934,data/SeSaMeF/15028.java,0.11091083404608071,432.421875
935,data/SeSaMeF/3816.java,0.12163408286869526,433.796875
936,data/SeSaMeF/14843.java,0.11124812508933246,434.8125
937,data/SeSaMeF/15301.java,0.10843591601587832,435.203125
938,data/SeSaMeF/664.java,0.13653462496586144,425.296875
939,data/SeSaMeF/8923.java,0.11732204095460474,431.890625
940,data/SeSaMeF/36877.java,0.12245533312670887,431.59375
941,data/SeSaMeF/6481.java,0.11787941702641547,436.96875
942,data/SeSaMeF/12581.java,0.13262849999591708,437.734375
943,data/SeSaMeF/41788.java,0.11720183305442333,418.453125
944,data/SeSaMeF/36123.java,0.1198229999281466,428.4375
945,data/SeSaMeF/1743.java,0.11670583300292492,429.140625
946,data/SeSaMeF/45362.java,0.12607758422382176,430.078125
947,data/SeSaMeF/3912.java,0.1348117918241769,425.640625
948,data/SeSaMeF/15086.java,0.12275562505237758,418.78125
949,data/SeSaMeF/48803.java,0.11703400011174381,419.640625
950,data/SeSaMeF/14802.java,0.1173522078897804,420.125
951,data/SeSaMeF/3787.java,0.11206404189579189,422.046875
952,data/SeSaMeF/760.java,0.11649774992838502,424.109375
953,data/SeSaMeF/3338.java,0.118358250008896,429.203125
954,data/SeSaMeF/50137.java,0.11854204209521413,430.171875
955,data/SeSaMeF/48157.java,0.11699625011533499,434.0625
956,data/SeSaMeF/14785.java,0.12261758302338421,434.5625
957,data/SeSaMeF/6751.java,0.11882791691459715,434.859375
958,data/SeSaMeF/808.java,0.11162100010551512,435.359375
959,data/SeSaMeF/19764.java,0.11196199990808964,433.3125
960,data/SeSaMeF/672.java,0.11696837493218482,435.9375
961,data/SeSaMeF/37323.java,0.11849054181948304,436.15625
962,data/SeSaMeF/38486.java,0.11230104207061231,436.359375
963,data/SeSaMeF/6680.java,0.11107987491413951,432.40625
964,data/SeSaMeF/7992.java,0.11511608399450779,425.546875
965,data/SeSaMeF/28.java,0.117294583003968,428.859375
966,data/SeSaMeF/12295.java,0.1133220421615988,431.140625
967,data/SeSaMeF/23462.java,0.11290487507358193,435.21875
968,data/SeSaMeF/59101.java,0.15548704215325415,436.828125
969,data/SeSaMeF/59802.java,0.11867500003427267,439.15625
970,data/SeSaMeF/13596.java,0.12137495912611485,435.1875
971,data/SeSaMeF/57148.java,0.11576316598802805,425.703125
972,data/SeSaMeF/18509.java,0.1262718338984996,429.109375
973,data/SeSaMeF/18266.java,0.12227466702461243,432.65625
974,data/SeSaMeF/60104.java,0.12108320812694728,432.59375
975,data/SeSaMeF/86.java,0.11854587495326996,433.3125
976,data/SeSaMeF/977.java,0.10933245811611414,426.953125
977,data/SeSaMeF/45925.java,0.10761662502773106,428.171875
978,data/SeSaMeF/38845.java,0.12637891713529825,429.125
979,data/SeSaMeF/14479.java,0.11586016695946455,427.734375
980,data/SeSaMeF/1368.java,0.1353726249653846,432.265625
981,data/SeSaMeF/3355.java,0.12811095896176994,435.578125
982,data/SeSaMeF/29242.java,0.11544566601514816,435.96875
983,data/SeSaMeF/14496.java,0.11396316695027053,435.0
984,data/SeSaMeF/12112.java,0.11065425002016127,438.59375
985,data/SeSaMeF/12542.java,0.120600291993469,439.71875
986,data/SeSaMeF/2285.java,0.11469291592948139,441.046875
987,data/SeSaMeF/5813.java,0.11949383281171322,442.78125
988,data/SeSaMeF/45358.java,0.11903087492100894,443.265625
989,data/SeSaMeF/49951.java,0.11024954216554761,443.890625
990,data/SeSaMeF/5686.java,0.12315016705542803,445.765625
991,data/SeSaMeF/35666.java,0.13082000007852912,445.84375
992,data/SeSaMeF/14790.java,0.11771154194138944,420.921875
993,data/SeSaMeF/12214.java,0.12024633400142193,428.109375
994,data/SeSaMeF/50437.java,0.11206533294171095,431.5
995,data/SeSaMeF/5492.java,0.12212916696444154,435.1875
996,data/SeSaMeF/46019.java,0.12404491589404643,435.8125
997,data/SeSaMeF/7440.java,0.1122986669652164,435.84375
998,data/SeSaMeF/7010.java,0.12521704100072384,436.109375
999,data/SeSaMeF/29001.java,0.12445524986833334,437.84375
1000,data/SeSaMeF/29113.java,0.11057416698895395,437.953125
