Database Size,File Path,Execution Time (seconds)
1,data/ocd8x8F/SqrtAlgorithm/0_orig/SqrtAlgorithm.java,1.6407630000030622
2,data/ocd8x8F/SqrtAlgorithm/test_0_orig_no_krakatau/SqrtAlgorithm.java,3.083945667021908
3,data/ocd8x8F/hanoi/0_orig/Main.java,1.9972664579981938
4,data/ocd8x8F/hanoi/test_0_orig_pg_procyon/Main.java,1.9320265830028802
5,data/ocd8x8F/InfixConverter/0_orig/InfixConverter.java,1.2671653750003316
6,data/ocd8x8F/InfixConverter/test_0_orig_pg_procyon/InfixConverter.java,0.9950130830111448
7,data/ocd8x8F/slinkedlist/0_orig/SLinkedList.java,1.1936702079838142
8,data/ocd8x8F/slinkedlist/test_0_orig_no_krakatau/SLinkedList.java,1.1653361249773297
9,data/POJ300F/103-1221.txt,0.3465208330017049
10,data/POJ300F/36-659.txt,0.462131332984427
11,data/POJ300F/13-571.txt,0.3504608749935869
12,data/POJ300F/16-1221.txt,0.41416654200293124
13,data/POJ300F/38-183.txt,0.41076929098926485
14,data/POJ300F/55-311.txt,0.6073782500170637
15,data/POJ300F/102-1340.txt,0.5482600829855073
16,data/POJ300F/31-585.txt,0.33680008398368955
17,data/POJ300F/65-183.txt,0.46341612498508766
18,data/POJ300F/53-585.txt,0.401172999991104
19,data/POJ300F/65-585.txt,0.40073212498100474
20,data/POJ300F/19-713.txt,0.398231625003973
21,data/POJ300F/100-2546.txt,1.096099625021452
22,data/POJ300F/53-183.txt,0.4638091670058202
23,data/POJ300F/102-1424.txt,0.7717300409858581
24,data/POJ300F/48-1556.txt,0.6619686250051018
25,data/POJ300F/96-659.txt,0.454123959003482
26,data/POJ300F/87-311.txt,0.34204545902321115
27,data/POJ300F/25-571.txt,0.5602829999988899
28,data/POJ300F/61-1424.txt,0.309676416014554
29,data/POJ300F/10-659.txt,0.3652811659849249
30,data/POJ300F/96-311.txt,0.2973263330059126
31,data/POJ300F/89-1901.txt,0.4640136249945499
32,data/POJ300F/48-1424.txt,0.8303567499970086
33,data/POJ300F/39-183.txt,0.9424874999967869
34,data/POJ300F/51-56.txt,0.8736031250155065
35,data/POJ300F/55-659.txt,0.6107277499977499
36,data/POJ300F/92-1424.txt,0.664771625015419
37,data/POJ300F/89-585.txt,0.29810750001342967
38,data/POJ300F/61-1556.txt,0.402880792011274
39,data/POJ300F/100-592.txt,0.35739812499377877
40,data/POJ300F/94-1326.txt,0.45456083401222713
41,data/POJ300F/75-56.txt,0.40820512498612516
42,data/POJ300F/16-183.txt,0.35263566600042395
43,data/POJ300F/39-1340.txt,0.9616729170084
44,data/POJ300F/95-1221.txt,0.8230507079861127
45,data/POJ300F/71-1340.txt,1.0531462089857087
46,data/POJ300F/44-1381.txt,0.4037318330083508
47,data/POJ300F/32-183.txt,0.4676082909863908
48,data/POJ300F/3-1556.txt,0.3521385409985669
49,data/POJ300F/71-1817.txt,0.8253976250125561
50,data/POJ300F/94-1817.txt,0.47617095900932327
51,data/POJ300F/38-1221.txt,0.5211622080241796
52,data/POJ300F/39-1221.txt,0.6547471670201048
53,data/POJ300F/89-483.txt,0.295961374999024
54,data/POJ300F/97-2546.txt,0.29904120799619704
55,data/POJ300F/72-571.txt,0.6109702090034261
56,data/POJ300F/102-183.txt,0.7213508339773398
57,data/POJ300F/32-1817.txt,0.6620554160035681
58,data/POJ300F/82-592.txt,0.3498549579817336
59,data/POJ300F/45-1817.txt,0.37874625000404194
60,data/POJ300F/44-1340.txt,0.3108977079973556
61,data/POJ300F/67-1556.txt,0.3553624589985702
62,data/POJ300F/71-1424.txt,0.6552385420072824
63,data/POJ300F/72-2546.txt,0.5059172920009587
64,data/POJ300F/38-1424.txt,0.46587949999957345
65,data/POJ300F/32-1221.txt,1.1497037920053117
66,data/POJ300F/3-1424.txt,0.3526955000124872
67,data/POJ300F/8-1221.txt,0.7747174170217477
68,data/POJ300F/63-571.txt,0.6581460419984069
69,data/POJ300F/58-1221.txt,0.515420208015712
70,data/POJ300F/56-659.txt,0.5135660420055501
71,data/POJ300F/58-183.txt,0.7099064580106642
72,data/POJ300F/103-183.txt,0.4010399580001831
73,data/POJ300F/10-1221.txt,0.45896629098569974
74,data/POJ300F/91-483.txt,0.25742066602106206
75,data/POJ300F/7-569.txt,0.5863759579951875
76,data/POJ300F/8-659.txt,0.5770391669939272
77,data/POJ300F/51-585.txt,0.8796876249834895
78,data/POJ300F/10-1817.txt,0.3882477500010282
79,data/POJ300F/67-183.txt,0.4058510830218438
80,data/POJ300F/61-311.txt,0.35018283300451003
81,data/POJ300F/25-1221.txt,0.4057595830236096
82,data/POJ300F/37-571.txt,0.46308833302464336
83,data/POJ300F/95-311.txt,0.5184835420222953
84,data/POJ300F/67-1424.txt,0.3584242500073742
85,data/POJ300F/55-571.txt,0.5627614579861984
86,data/POJ300F/4-659.txt,0.4102425840101205
87,data/POJ300F/63-1556.txt,0.6000578330131248
88,data/POJ300F/40-1817.txt,0.4608114170259796
89,data/POJ300F/40-1630.txt,0.39014945799135603
90,data/POJ300F/81-659.txt,0.6715459169936366
91,data/POJ300F/5-311.txt,0.5794013749982696
92,data/POJ300F/16-311.txt,0.2486877920164261
93,data/POJ300F/36-183.txt,0.5547218339925166
94,data/POJ300F/56-1556.txt,0.511059166979976
95,data/POJ300F/44-1413.txt,0.5638103339879308
96,data/POJ300F/45-1413.txt,0.40802045800955966
97,data/POJ300F/37-1424.txt,0.5421932499739341
98,data/POJ300F/4-713.txt,0.459092667006189
99,data/POJ300F/70-483.txt,0.44852258401806466
100,data/POJ300F/3-1415.txt,0.6579966670251451
101,data/POJ300F/45-585.txt,0.40754416602430865
102,data/POJ300F/103-571.txt,0.41791424999246374
103,data/POJ300F/7-1221.txt,0.5054172920063138
104,data/POJ300F/56-1221.txt,0.8954787920229137
105,data/POJ300F/53-311.txt,0.3253307079721708
106,data/POJ300F/87-183.txt,0.5700092499901075
107,data/POJ300F/7-1197.txt,0.5035354580031708
108,data/POJ300F/97-1901.txt,0.4143401249893941
109,data/POJ300F/63-1817.txt,0.6066773750062566
110,data/POJ300F/5-659.txt,0.508541042014258
111,data/POJ300F/100-1340.txt,0.4598657500173431
112,data/POJ300F/65-311.txt,0.44511441700160503
113,data/POJ300F/75-311.txt,0.6198689169832505
114,data/POJ300F/91-660.txt,0.3053669999935664
115,data/POJ300F/27-183.txt,0.6322639590071049
116,data/POJ300F/37-1556.txt,0.5156915000115987
117,data/POJ300F/36-1556.txt,0.3522445830167271
118,data/POJ300F/18-1221.txt,0.9343321249762084
119,data/POJ300F/19-1221.txt,0.5025847910146695
120,data/POJ300F/27-1817.txt,0.5520437089726329
121,data/POJ300F/91-968.txt,0.31819908300531097
122,data/POJ300F/81-1424.txt,0.5647180410160217
123,data/POJ300F/25-56.txt,0.4149382089963183
124,data/POJ300F/82-713.txt,0.6557168330182321
125,data/POJ300F/58-56.txt,0.5490049590007402
126,data/POJ300F/27-1221.txt,0.7164183330023661
127,data/POJ300F/92-1415.txt,0.6063483329780865
128,data/POJ300F/19-1817.txt,0.6669091669900808
129,data/POJ300F/18-1817.txt,0.9383699999889359
130,data/POJ300F/70-56.txt,0.4591878750070464
131,data/POJ300F/95-183.txt,0.5163469169929158
132,data/POJ300F/4-571.txt,0.747192292008549
133,data/POJ300F/75-571.txt,0.4645948329998646
134,data/POJ300F/78-183.txt,0.88641729101073
135,data/POJ300F/12-1221.txt,0.3002302089880686
136,data/POJ300F/18-1424.txt,1.0994066249986645
137,data/POJ300F/78-1556.txt,0.7679889170103706
138,data/POJ300F/13-1817.txt,0.3461550840002019
139,data/POJ300F/31-1556.txt,0.46105333301238716
140,data/POJ300F/81-1817.txt,0.5607737910177093
141,data/POJ300F/78-1817.txt,0.7218653750023805
142,data/POJ300F/92-311.txt,0.6713588330021594
143,data/POJ300F/97-1381.txt,0.5132231249881443
144,data/POJ300F/13-1556.txt,0.3006326660106424
145,data/POJ300F/12-1556.txt,0.3491815410088748
146,data/POJ300F/8-183.txt,0.8256823330011684
147,data/POJ300F/40-2823.txt,0.667351291020168
148,data/POJ300F/72-1424.txt,0.6204074160195887
149,data/POJ300F/48-659.txt,0.717910707986448
150,data/POJ300F/87-928.txt,0.7675609999860171
151,data/POJ300F/96-1221.txt,1.366773416986689
152,data/POJ300F/70-183.txt,0.45106849999865517
153,data/POJ300F/12-183.txt,0.4573087499884423
154,data/POJ300F/31-1424.txt,0.35397008401923813
155,data/POJ300F/82-2542.txt,0.5096860410121735
156,data/POJ300F/94-183.txt,0.4579891249886714
157,data/POJ300F/5-571.txt,0.565284457989037
158,data/POJ300F/51-659.txt,0.7202233749849256
159,data/cloneoracleF/postgre/_readwindowfunc.c,0.199777833011467
160,data/cloneoracleF/postgre/_outbitmapand.c,0.16488591700908728
161,data/cloneoracleF/postgre/_readcoerceviaio.c,0.2220306660165079
162,data/cloneoracleF/postgre/_outsubqueryscan.c,0.16427454201038927
163,data/cloneoracleF/postgre/_outa_indirection.c,0.1506122920254711
164,data/cloneoracleF/postgre/_outrangesubselect.c,0.15504858299391344
165,data/cloneoracleF/postgre/_outa_arrayexpr.c,0.15226320800138637
166,data/cloneoracleF/postgre/list_append_unique_ptr.c,0.1486859589931555
167,data/cloneoracleF/postgre/_outbitmapheapscan.c,0.1607242909958586
168,data/cloneoracleF/postgre/_outappendpath.c,0.14924162498209625
169,data/cloneoracleF/postgre/_outjoinplaninfo.c,0.14322762499796227
170,data/cloneoracleF/postgre/_outwithclause.c,0.1427618750021793
171,data/cloneoracleF/postgre/_outindexscan.c,0.2105294170032721
172,data/cloneoracleF/postgre/_readaggref.c,0.20128766598645598
173,data/cloneoracleF/postgre/_readsublink.c,0.20354545800364576
174,data/cloneoracleF/postgre/_outalias.c,0.14213612498133443
175,data/cloneoracleF/postgre/_outfunctionscan.c,0.1976782080018893
176,data/cloneoracleF/postgre/_readxmlexpr.c,0.25295433300198056
177,data/cloneoracleF/postgre/lcons_int.c,0.21427579200826585
178,data/cloneoracleF/postgre/list_intersection.c,0.30071804200997576
179,data/cloneoracleF/postgre/lappend_int.c,0.1937712500221096
180,data/cloneoracleF/postgre/_outbitmapor.c,0.15188566598226316
181,data/cloneoracleF/postgre/list_append_unique_oid.c,0.15353483401122503
182,data/cloneoracleF/postgre/_outindexpath.c,0.30227545800153166
183,data/cloneoracleF/postgre/_outlimit.c,0.1451107500179205
184,data/cloneoracleF/postgre/_outinhrelation.c,0.15231558302184567
185,data/cloneoracleF/postgre/list_union_ptr.c,0.25775133300339803
186,data/cloneoracleF/postgre/_outfieldselect.c,0.15653841698076576
187,data/cloneoracleF/postgre/_outresultpath.c,0.15556137499515899
188,data/cloneoracleF/postgre/_outtypename.c,0.20741633302532136
189,data/cloneoracleF/postgre/_readminmaxexpr.c,0.15008916601072997
190,data/cloneoracleF/postgre/_outintoclause.c,0.20005620800657198
191,data/cloneoracleF/postgre/_readjoinexpr.c,0.1999899579968769
192,data/cloneoracleF/postgre/_outmaterialpath.c,0.15312566701322794
193,data/cloneoracleF/postgre/_outcasetestexpr.c,0.15639699998428114
194,data/cloneoracleF/postgre/_outalternativesubplan.c,0.15121516599901952
195,data/cloneoracleF/postgre/pq_sendtext.c,0.1998510840057861
196,data/cloneoracleF/postgre/_outrangefunction.c,0.15610983298392966
197,data/cloneoracleF/postgre/_readcoercetodomainvalue.c,0.1546369580028113
198,data/cloneoracleF/postgre/_outtidpath.c,0.15533291699830443
199,data/cloneoracleF/postgre/_readscalararrayopexpr.c,0.2092519169964362
200,data/cloneoracleF/postgre/_outhashpath.c,0.1545162080146838
201,data/cloneoracleF/postgre/pq_sendstring.c,0.25057291699340567
202,data/cloneoracleF/python/audioop_getsample.c,0.462456832989119
203,data/cloneoracleF/python/audioop_avgpp.c,1.0434213329863269
204,data/cloneoracleF/python/audioop_minmax.c,0.5183799579972401
205,data/cloneoracleF/python/audioop_avg.c,0.5136235830141231
206,data/cloneoracleF/python/audioop_bias.c,0.6731215830077417
207,data/cloneoracleF/python/audioop_rms.c,0.5611858750053216
208,data/cloneoracleF/python/audioop_alaw2lin.c,0.6117649579828139
209,data/cloneoracleF/python/audioop_ulaw2lin.c,0.6115490410011262
210,data/cloneoracleF/python/audioop_reverse.c,0.7329887090018019
211,data/cloneoracleF/python/audioop_lin2lin.c,0.7812481669825502
212,data/cloneoracleF/python/audioop_max.c,0.9998261669825297
213,data/cloneoracleF/python/audioop_lin2alaw.c,0.5649552080139983
214,data/cloneoracleF/python/audioop_maxpp.c,0.9845651659998111
215,data/cloneoracleF/python/audioop_lin2ulaw.c,0.5638730000064243
216,data/cloneoracleF/python/audioop_tomono.c,1.1064674590015784
217,data/cloneoracleF/python/audioop_mul.c,0.8844836249772925
218,data/cloneoracleF/apache/set_cache_defex.c,0.24966212498839013
219,data/cloneoracleF/apache/http_port.c,0.15767370798857883
220,data/cloneoracleF/apache/set_cache_ignore_querystring.c,0.21176183398347348
221,data/cloneoracleF/apache/mmap_handler.c,0.41913112500333227
222,data/cloneoracleF/apache/set_cache_ignore_cachecontrol.c,0.21610833398881368
223,data/cloneoracleF/apache/set_keep_alive_timeout.c,0.20626424998044968
224,data/cloneoracleF/apache/cachefilehandle.c,0.2541848749970086
225,data/cloneoracleF/apache/set_keep_alive_max.c,0.1997512919770088
226,data/cloneoracleF/apache/add_ignore_header.c,0.35206887501408346
227,data/cloneoracleF/apache/cachefilemmap.c,0.24548954199417494
228,data/cloneoracleF/apache/set_cache_store_private.c,0.20288045902270824
229,data/cloneoracleF/apache/set_cache_ignore_no_last_mod.c,0.20610949999536388
230,data/cloneoracleF/apache/sendfile_handler.c,0.35243637501844205
231,data/cloneoracleF/apache/set_cache_store_nostore.c,0.19675633299630135
232,data/cloneoracleF/apache/http_scheme.c,0.16101654199883342
233,data/cloneoracleF/apache/set_cache_maxex.c,0.25784691600711085
234,data/cloneoracleF/apache/add_ignore_session_id.c,0.36822570802178234
235,data/bcbharmfulF/default_117641_90_172.java,1.5935734170197975
236,data/bcbharmfulF/default_48067_27_46.java,0.6096724580274895
237,data/bcbharmfulF/selected_2365821_838_864.java,0.41105908300960436
238,data/bcbharmfulF/selected_9377_74_82.java,0.21102449999307282
239,data/bcbharmfulF/selected_1810839_360_377.java,0.30412520800018683
240,data/bcbharmfulF/selected_1609240_359_415.java,0.9453398330078926
241,data/bcbharmfulF/selected_638634_140_155.java,0.25383674999466166
242,data/bcbharmfulF/selected_1596280_101_110.java,0.25484462501481175
243,data/bcbharmfulF/selected_1751811_245_278.java,0.6639559159812052
244,data/bcbharmfulF/selected_238585_13_21.java,0.19866720799473114
245,data/bcbharmfulF/selected_2546168_149_275.java,2.7111729579919484
246,data/bcbharmfulF/selected_321084_307_334.java,0.514425500005018
247,data/bcbharmfulF/selected_1772581_98_114.java,0.2590655839885585
248,data/bcbharmfulF/selected_1247433_142_148.java,0.2097042500099633
249,data/bcbharmfulF/selected_184404_42_44.java,1.774520749982912
250,data/bcbharmfulF/selected_474742_156_287.java,2.9853966669761576
251,data/bcbharmfulF/selected_31579_176_200.java,0.39489654201315716
252,data/bcbharmfulF/selected_29425_84_146.java,1.0081151670019608
253,data/bcbharmfulF/default_132716_27_46.java,0.6260628750023898
254,data/bcbharmfulF/selected_29066_505_542.java,0.6227226670016535
255,data/bcbharmfulF/default_89548_90_172.java,1.6021873749850783
256,data/bcbharmfulF/selected_2078997_244_254.java,0.21666766700218432
257,data/bcbharmfulF/selected_226776_20_62.java,1.125137666997034
258,data/bcbharmfulF/selected_1481659_57_80.java,0.49774941700161435
259,data/bcbharmfulF/selected_1620218_194_210.java,0.3083072080044076
260,data/bcbharmfulF/default_6930_27_46.java,0.6234542090096511
261,data/bcbharmfulF/selected_2676871_89_120.java,0.5197814169805497
262,data/bcbharmfulF/selected_2110005_99_135.java,0.5770321659801994
263,data/bcbharmfulF/selected_2333916_14_27.java,0.26241879200097173
264,data/bcbharmfulF/selected_992576_39_63.java,0.40565149998292327
265,data/bcbharmfulF/selected_142902_78_104.java,0.40535937499953434
266,data/bcbharmfulF/selected_2425138_35_45.java,0.20966233298531733
267,data/bcbharmfulF/default_82382_27_46.java,0.6100313749921042
268,data/bcbharmfulF/default_27443_367_414.java,1.2072119999793358
269,data/bcbharmfulF/selected_687723_110_134.java,0.5700429159915075
270,data/bcbharmfulF/selected_1320790_31_40.java,0.2068840839783661
271,data/bcbharmfulF/selected_2197076_224_238.java,0.3123170000035316
272,data/bcbharmfulF/selected_184530_38_50.java,0.21314941701712087
273,data/bcbharmfulF/selected_58295_257_290.java,0.7334884169977158
274,data/bcbharmfulF/selected_1149247_14_34.java,0.3974268749880139
275,data/bcbharmfulF/selected_1397132_28_51.java,0.5097560829890426
276,data/bcbharmfulF/selected_1412964_405_458.java,0.9771462079952471
277,data/bcbharmfulF/selected_1834805_95_385.java,1.7783059580251575
278,data/bcbharmfulF/default_126904_872_898.java,0.43006433398113586
279,data/bcbharmfulF/selected_2553462_41_84.java,1.0983404589933343
280,data/bcbharmfulF/selected_1979886_73_80.java,0.15446412499295548
281,data/bcbharmfulF/selected_748852_351_489.java,2.1288619580154773
282,data/bcbharmfulF/selected_942717_45_51.java,0.192305500007933
283,data/bcbharmfulF/selected_1494993_873_899.java,0.41084854200016707
284,data/bcbharmfulF/selected_2469197_43_58.java,0.3540696249983739
285,data/bcbharmfulF/selected_2309025_43_71.java,0.5084888330020476
286,data/bcbharmfulF/selected_1724220_875_899.java,0.35726804201840423
287,data/bcbharmfulF/selected_684569_114_134.java,0.4098131250066217
288,data/bcbharmfulF/selected_1359688_162_180.java,0.302905250020558
289,data/bcbharmfulF/selected_2720699_28_44.java,0.357248125015758
290,data/bcbharmfulF/selected_1676100_297_315.java,0.2717103750037495
291,data/bcbharmfulF/selected_256068_335_356.java,0.3097402499988675
292,data/bcbharmfulF/selected_2709322_216_407.java,2.78536950002308
293,data/bcbharmfulF/selected_2224878_60_125.java,1.509568749985192
294,data/bcbharmfulF/selected_1988725_204_213.java,0.21168391697574407
295,data/bcbharmfulF/selected_694246_20_56.java,0.5117839169979561
296,data/bcbharmfulF/selected_1944189_30_65.java,0.45750437502283603
297,data/bcbharmfulF/selected_1627071_116_122.java,0.20237691700458527
298,data/bcbharmfulF/selected_2152928_783_799.java,0.2998905419954099
299,data/bcbharmfulF/selected_1074458_108_143.java,0.5015499579894822
300,data/bcbharmfulF/default_118790_27_46.java,0.6247355829982553
301,data/bcbharmfulF/selected_2318314_16_32.java,0.40634533399133943
302,data/bcbharmfulF/selected_740231_108_119.java,0.2037794589996338
303,data/bcbharmfulF/selected_1583048_153_165.java,0.20933925002464093
304,data/bcbharmfulF/selected_519642_100_112.java,0.21131191600579768
305,data/bcbharmfulF/selected_215042_58_70.java,0.25565779200405814
306,data/bcbharmfulF/selected_1495157_230_237.java,0.21438108300208114
307,data/bcbharmfulF/selected_1802351_838_864.java,0.40197270800126716
308,data/bcbharmfulF/selected_794620_137_171.java,0.5085382499964908
309,data/bcbharmfulF/selected_1830236_18_40.java,0.3061740830016788
310,data/bcbharmfulF/default_6756_90_172.java,1.5651997499808203
311,data/bcbharmfulF/selected_2337215_109_130.java,0.4077759589999914
312,data/bcbharmfulF/selected_2348309_790_816.java,0.4083857910009101
313,data/bcbharmfulF/default_87946_90_172.java,1.5901436659914907
314,data/bcbharmfulF/selected_841726_55_115.java,1.0447209579870105
315,data/bcbharmfulF/selected_318080_74_105.java,0.5123773750092369
316,data/bcbharmfulF/selected_1782695_11_74.java,1.3223162079812028
317,data/bcbharmfulF/default_37863_167_247.java,1.5401169170218054
318,data/bcbharmfulF/selected_1840152_594_614.java,0.5098633749876171
319,data/bcbharmfulF/selected_1976964_39_89.java,1.0480910000042059
320,data/bcbharmfulF/selected_1545239_138_578.java,1.7675796250114217
321,data/bcbharmfulF/selected_264272_754_780.java,0.4019277920015156
322,data/bcbharmfulF/selected_553596_806_866.java,1.2117177910113242
323,data/bcbharmfulF/default_34342_27_46.java,0.6109875830006786
324,data/bcbharmfulF/selected_2028451_304_311.java,0.20810537500074133
325,data/bcbharmfulF/selected_184404_78_80.java,1.7493110839859582
326,data/bcbharmfulF/selected_1865885_85_89.java,0.14415675000054762
327,data/bcbharmfulF/selected_311323_467_483.java,0.2968124170147348
328,data/bcbharmfulF/selected_1521653_213_273.java,0.9821334579901304
329,data/bcbharmfulF/selected_183804_752_778.java,0.4565486250212416
330,data/bcbharmfulF/selected_2061440_90_151.java,0.964605584013043
331,data/bcbharmfulF/selected_2692691_167_175.java,0.2114423339953646
332,data/bcbharmfulF/selected_2639183_198_327.java,2.7108987499959767
333,data/bcbharmfulF/selected_1145166_275_349.java,1.540643916989211
334,data/bcbharmfulF/selected_758449_47_59.java,0.26316345800296403
335,data/bcbharmfulF/selected_2685107_122_164.java,0.669937041006051
336,data/bcbharmfulF/default_100020_296_315.java,0.35110345800057985
337,data/bcbharmfulF/selected_2138232_45_66.java,0.46050320798531175
338,data/bcbharmfulF/selected_566527_182_187.java,0.16252958300174214
339,data/bcbharmfulF/selected_168944_152_172.java,0.3360944160085637
340,data/bcbharmfulF/selected_625112_25_42.java,0.29231454100226983
341,data/bcbharmfulF/selected_207391_48_59.java,0.25146679099998437
342,data/bcbharmfulF/selected_840994_76_103.java,0.6146167909901123
343,data/bcbharmfulF/default_22134_90_172.java,1.5977839170082007
344,data/bcbharmfulF/selected_1627411_45_83.java,0.6323418329993729
345,data/bcbharmfulF/selected_1276123_58_99.java,1.0055844169983175
346,data/bcbharmfulF/selected_591600_1184_1192.java,0.215621374984039
347,data/bcbharmfulF/selected_760963_29_40.java,0.26263645899598487
348,data/bcbharmfulF/selected_818379_60_81.java,0.4604598750011064
349,data/bcbharmfulF/selected_2032520_56_97.java,0.8895809169916902
350,data/bcbharmfulF/selected_2565735_120_138.java,0.3493837080022786
351,data/bcbharmfulF/selected_295232_48_52.java,0.1551098339841701
352,data/bcbharmfulF/selected_2484283_80_91.java,0.31944166601169854
353,data/bcbharmfulF/selected_2457991_18_34.java,0.2651379999879282
354,data/bcbharmfulF/selected_2599719_874_900.java,0.4168994169740472
355,data/bcbharmfulF/selected_108342_100_117.java,0.4123727499973029
356,data/bcbharmfulF/selected_1091654_63_69.java,0.1616690410010051
357,data/bcbharmfulF/selected_1677622_105_124.java,0.3644241250003688
358,data/bcbharmfulF/selected_1835523_163_178.java,0.3024900830059778
359,data/bcbharmfulF/selected_1129528_30_61.java,0.5053472919971682
360,data/bcbharmfulF/selected_1591824_251_301.java,1.1948210839764215
361,data/bcbharmfulF/selected_329626_64_73.java,0.1986234170035459
362,data/bcbharmfulF/selected_199111_139_162.java,0.3515907080145553
363,data/bcbharmfulF/default_21679_90_172.java,1.6024492500000633
364,data/bcbharmfulF/selected_1700558_56_71.java,0.41074416699120775
365,data/bcbharmfulF/selected_889549_75_86.java,0.255708707991289
366,data/bcbharmfulF/selected_1114967_69_84.java,0.3046265000011772
367,data/bcbharmfulF/selected_707943_837_863.java,0.4035739590181038
368,data/bcbharmfulF/selected_1607771_838_864.java,0.39908404200104997
369,data/bcbharmfulF/selected_1729199_79_95.java,0.30176062500686385
370,data/bcbharmfulF/selected_2350542_38_47.java,0.204093540989561
371,data/bcbharmfulF/selected_1827257_1369_1374.java,0.15389600000344217
372,data/bcbharmfulF/selected_1377081_65_86.java,0.2901240000210237
373,data/bcbharmfulF/selected_918375_256_260.java,0.14897650000057183
374,data/bcbharmfulF/selected_2597181_73_117.java,0.78377029200783
375,data/bcbharmfulF/selected_2714762_211_241.java,0.3610910420247819
376,data/bcbharmfulF/selected_1721030_22_49.java,0.5157135419722181
377,data/bcbharmfulF/default_41605_90_172.java,1.5961191249953117
378,data/bcbharmfulF/selected_1791239_31_81.java,1.4662300420168322
379,data/bcbharmfulF/selected_2078997_185_195.java,0.2604838339902926
380,data/bcbharmfulF/selected_2024008_15_39.java,0.5143704999936745
381,data/bcbharmfulF/selected_1761827_86_102.java,0.2763037499971688
382,data/bcbharmfulF/selected_1608219_146_160.java,0.22008666599867865
383,data/bcbharmfulF/selected_1650257_180_197.java,0.26646862499183044
384,data/bcbharmfulF/selected_79331_56_67.java,0.2580907919909805
385,data/bcbharmfulF/selected_937219_22_43.java,0.41153395900619216
386,data/bcbharmfulF/selected_2181149_45_63.java,0.35571420899941586
387,data/bcbharmfulF/selected_468766_131_170.java,0.9685583749960642
388,data/bcbharmfulF/selected_1330483_93_103.java,0.20227470801910385
389,data/bcbharmfulF/selected_712665_265_269.java,0.14182416701805778
390,data/bcbharmfulF/selected_1117280_39_41.java,0.15912804202525876
391,data/bcbharmfulF/selected_570858_94_106.java,0.2612851669837255
392,data/bcbharmfulF/selected_1113498_86_104.java,0.25801170800696127
393,data/bcbharmfulF/selected_981046_706_750.java,0.5683774999924935
394,data/bcbharmfulF/selected_2641354_62_80.java,0.5153387079772074
395,data/bcbharmfulF/selected_327063_157_168.java,0.25956654199399054
396,data/bcbharmfulF/selected_1828730_84_113.java,0.4662507910106797
397,data/bcbharmfulF/default_82481_27_46.java,0.6218133750080597
398,data/bcbharmfulF/selected_396851_203_227.java,0.4633806670026388
399,data/bcbharmfulF/selected_1851161_24_49.java,0.6253593330038711
400,data/bcbharmfulF/selected_337686_57_166.java,2.033674875012366
401,data/bcbharmfulF/default_50141_90_172.java,1.5854603329789825
402,data/bcbharmfulF/selected_207381_14_21.java,0.13960770799894817
403,data/bcbharmfulF/selected_683921_51_104.java,1.2175008330086712
404,data/bcbharmfulF/selected_1375735_28_37.java,0.15219908402650617
405,data/bcbharmfulF/selected_971518_20_29.java,0.22351616699597798
406,data/bcbharmfulF/selected_2065465_74_133.java,1.0999488329980522
407,data/bcbharmfulF/selected_901651_30_66.java,0.617046041006688
408,data/bcbharmfulF/selected_1398567_98_115.java,0.30806791700888425
409,data/bcbharmfulF/default_64536_90_172.java,1.5903699579939712
410,data/bcbharmfulF/selected_280336_12_20.java,0.20845995799754746
411,data/bcbharmfulF/selected_2248635_204_209.java,0.16902029199991375
412,data/bcbharmfulF/selected_2301433_1006_1028.java,0.32593587500741705
413,data/bcbharmfulF/selected_1786438_48_83.java,0.582955874997424
414,data/bcbharmfulF/default_114479_90_172.java,1.5997697910061106
415,data/bcbharmfulF/selected_1982357_26_33.java,0.2149100419774186
416,data/bcbharmfulF/selected_1758932_51_99.java,1.1066137090092525
417,data/bcbharmfulF/selected_57924_141_175.java,0.721226833993569
418,data/bcbharmfulF/selected_1461739_19_41.java,0.30387579201487824
419,data/bcbharmfulF/selected_100932_82_103.java,0.42961066600400954
420,data/bcbharmfulF/default_85394_836_862.java,0.4211685420013964
421,data/bcbharmfulF/default_134632_90_172.java,1.56145637499867
422,data/bcbharmfulF/selected_1809056_264_322.java,1.1032569170056377
423,data/bcbharmfulF/selected_743207_59_119.java,1.1150270419893786
424,data/bcbharmfulF/selected_1774039_27_30.java,0.1499892089923378
425,data/bcbharmfulF/selected_1959984_38_55.java,0.4648860830056947
426,data/bcbharmfulF/selected_135830_203_236.java,0.4139430830255151
427,data/AIZU384F/s914150223.cpp,3.527104667009553
428,data/AIZU384F/s263151229.py,0.2565618750231806
429,data/AIZU384F/s126763827.c,0.20441216698964126
430,data/AIZU384F/s328132963.py,0.35315812498447485
431,data/AIZU384F/s997710385.java,0.6315074580197688
432,data/AIZU384F/s325565445.c,0.3022470829891972
433,data/AIZU384F/s447351877.cpp,1.7417358749953564
434,data/AIZU384F/s443692412.ml,0.15392366598825902
435,data/AIZU384F/s830021900.py,0.15010275001986884
436,data/AIZU384F/s034525611.rb,0.36624433399992995
437,data/AIZU384F/s568625791.rb,0.2218417080002837
438,data/AIZU384F/s655835008.c,0.2169411249924451
439,data/AIZU384F/s173087348.py,0.31089970900211483
440,data/AIZU384F/s533774468.cpp,0.3684960420068819
441,data/AIZU384F/s059185981.py,0.2146529589954298
442,data/AIZU384F/s432775037.cpp,0.2582916670071427
443,data/AIZU384F/s804849925.c,0.6208144160045777
444,data/AIZU384F/s961603069.rb,0.11001899998518638
445,data/AIZU384F/s970628751.java,0.25444599997717887
446,data/AIZU384F/s246119589.js,0.257745959010208
447,data/AIZU384F/s060165176.c,0.2979430000123102
448,data/AIZU384F/s690859247.scala,0.15497154201148078
449,data/AIZU384F/s980377612.go,0.26919641700806096
450,data/AIZU384F/s069608225.go,0.20057866699062288
451,data/AIZU384F/s039281850.cpp,0.27030962498974986
452,data/AIZU384F/s130134218.c,0.5219148749893066
453,data/AIZU384F/s703642307.go,0.47736312498454936
454,data/AIZU384F/s723148757.java,0.3256641670013778
455,data/AIZU384F/s631006682.cpp,0.975520374980988
456,data/AIZU384F/s470924067.c,0.5398512920073699
457,data/AIZU384F/s669156191.rs,0.42154737500823103
458,data/AIZU384F/s566926706.cpp,0.9496297919831704
459,data/AIZU384F/s769167186.cpp,0.47225999998045154
460,data/AIZU384F/s617699377.cpp,0.519317875005072
461,data/AIZU384F/s409653558.cpp,0.5117336249968503
462,data/AIZU384F/s345418369.rs,0.2530363750120159
463,data/AIZU384F/s100343328.ml,0.14387658299528994
464,data/AIZU384F/s285493269.cs,0.2068955409922637
465,data/AIZU384F/s315158212.java,1.1947812500002328
466,data/AIZU384F/s842481625.cpp,1.8891065000207163
467,data/AIZU384F/s756124035.rb,0.3033535410067998
468,data/AIZU384F/s744028542.kt,0.2560844160034321
469,data/AIZU384F/s817700369.d,0.2511761669884436
470,data/AIZU384F/s656955796.cpp,0.5152092920034193
471,data/AIZU384F/s728834183.cpp,0.30024704200332053
472,data/AIZU384F/s933843513.hs,0.15703162498539314
473,data/AIZU384F/s871201095.java,1.692398624989437
474,data/AIZU384F/s370866089.ml,0.2101501669967547
475,data/AIZU384F/s607957374.rb,0.22226295797736384
476,data/AIZU384F/s811553468.py,0.3703119580168277
477,data/AIZU384F/s329305299.js,0.20240524999098852
478,data/AIZU384F/s851312932.cpp,0.303288208990125
479,data/AIZU384F/s946704443.cpp,0.7749367080105003
480,data/AIZU384F/s298292314.cpp,0.24976570802391507
481,data/AIZU384F/s485338081.py,0.15463012497639284
482,data/AIZU384F/s871968629.c,0.36106162500800565
483,data/AIZU384F/s777446140.cpp,3.118668874987634
484,data/AIZU384F/s666636734.cpp,1.7581422910152469
485,data/AIZU384F/s929404785.kt,0.2099447909859009
486,data/AIZU384F/s882868883.py,0.45700583298457786
487,data/AIZU384F/s565497742.java,1.0996195829939097
488,data/AIZU384F/s134109802.c,0.41866683299303986
489,data/AIZU384F/s666815294.go,0.20229495799867436
490,data/AIZU384F/s852674390.cpp,1.268848917010473
491,data/AIZU384F/s021272473.py,0.24292866699397564
492,data/AIZU384F/s348805681.rs,0.35620900001958944
493,data/AIZU384F/s525185553.cs,1.060351125022862
494,data/AIZU384F/s343462014.py,0.5110787090088706
495,data/AIZU384F/s633205343.rb,0.1252594580000732
496,data/AIZU384F/s933692560.cpp,0.778428082994651
497,data/AIZU384F/s222684785.js,0.19934537500375882
498,data/AIZU384F/s086669891.cpp,1.1055165420111734
499,data/AIZU384F/s615646264.py,0.5151593750051688
500,data/AIZU384F/s301050841.php,0.14331520898849703
501,data/AIZU384F/s702147951.cpp,0.4168660409923177
502,data/AIZU384F/s397394605.cpp,0.6714322080079
503,data/AIZU384F/s001284740.c,0.4576707090018317
504,data/AIZU384F/s914754335.c,0.3618562089977786
505,data/AIZU384F/s519366891.java,0.3675722079933621
506,data/AIZU384F/s305864272.php,0.14898866700241342
507,data/AIZU384F/s116527152.ml,0.16173495899420232
508,data/AIZU384F/s968768989.cpp,0.6849812500004191
509,data/AIZU384F/s077522407.rb,0.15806720798718743
510,data/AIZU384F/s505248297.cpp,1.4814092500018887
511,data/AIZU384F/s345697780.cpp,1.441182500013383
512,data/AIZU384F/s486973492.java,0.6088247079751454
513,data/AIZU384F/s769577409.java,0.2770382089947816
514,data/AIZU384F/s106006653.cpp,0.6297912500158418
515,data/AIZU384F/s316782302.cs,0.2683062500145752
516,data/AIZU384F/s492378738.c,0.27047912499983795
517,data/AIZU384F/s261252159.py,0.28329783299705014
518,data/AIZU384F/s151600229.java,0.26931899998453446
519,data/AIZU384F/s431755955.hs,0.2624330840189941
520,data/AIZU384F/s807291795.java,1.1640100840013474
521,data/AIZU384F/s302276730.d,0.268453208002029
522,data/AIZU384F/s644733132.cpp,0.19475345901446417
523,data/AIZU384F/s777959991.py,0.16609058398171328
524,data/AIZU384F/s882186173.cpp,1.4633048750110902
525,data/AIZU384F/s242033981.hs,0.24895241600461304
526,data/AIZU384F/s716686329.cs,0.19899758300743997
527,data/AIZU384F/s736825777.kt,0.15941829199437052
528,data/AIZU384F/s843436913.scala,0.3650738750002347
529,data/AIZU384F/s835285662.cpp,1.4844503749918658
530,data/AIZU384F/s744337542.java,0.6689705000026152
531,data/AIZU384F/s486808024.c,0.41250920901075006
532,data/AIZU384F/s748760817.java,0.5633233750122599
533,data/AIZU384F/s423904448.c,0.4072355829994194
534,data/AIZU384F/s574020971.php,0.15432970799156465
535,data/AIZU384F/s712928618.cpp,1.2623978750198148
536,data/AIZU384F/s414756811.java,0.5484925839991774
537,data/AIZU384F/s217422863.java,3.2297698329784907
538,data/AIZU384F/s372645134.py,0.20758079100050963
539,data/AIZU384F/s580288061.cpp,0.8898980410012882
540,data/AIZU384F/s351795400.cpp,0.4306085830030497
541,data/AIZU384F/s891514124.c,0.318116790993372
542,data/AIZU384F/s484256723.cpp,0.6689159999950789
543,data/AIZU384F/s073949882.c,1.1196154579811264
544,data/AIZU384F/s892848577.cpp,1.3672091669868678
545,data/AIZU384F/s618319453.ml,0.20872237501316704
546,data/AIZU384F/s058615185.cpp,0.21200745800160803
547,data/AIZU384F/s544454570.c,0.5200502499938011
548,data/AIZU384F/s414684908.java,0.27318595797987655
549,data/AIZU384F/s957242129.py,0.14822575001744553
550,data/AIZU384F/s464891622.rb,0.15638674999354407
551,data/AIZU384F/s959511460.cpp,1.0579644170065876
552,data/AIZU384F/s392113801.java,0.6404776249837596
553,data/AIZU384F/s940977804.cpp,0.8986894999979995
554,data/AIZU384F/s294596518.hs,0.20951404198422097
555,data/AIZU384F/s007996429.py,0.16102679198957048
556,data/AIZU384F/s462107219.kt,0.20871454101870768
557,data/AIZU384F/s071217548.php,0.2122614169784356
558,data/AIZU384F/s248972322.go,0.21865699999034405
559,data/AIZU384F/s352595090.php,0.20405662499251775
560,data/AIZU384F/s661554320.kt,0.2541223329899367
561,data/AIZU384F/s021894484.java,0.308666249999078
562,data/AIZU384F/s814147212.cpp,0.3073400419962127
563,data/AIZU384F/s673735814.cs,0.414162832981674
564,data/AIZU384F/s885615049.cpp,1.7711094999976922
565,data/AIZU384F/s346345751.cpp,0.26098008299595676
566,data/AIZU384F/s904912083.java,0.21464008302427828
567,data/AIZU384F/s523421001.cpp,0.30700470801093616
568,data/AIZU384F/s857044419.cpp,0.2064916249946691
569,data/AIZU384F/s853698913.java,0.35243550001177937
570,data/AIZU384F/s153295410.rs,0.4609530419984367
571,data/AIZU384F/s120761472.cpp,0.348748041986255
572,data/AIZU384F/s596250531.py,0.2570659580233041
573,data/AIZU384F/s689815459.java,0.2507787920185365
574,data/AIZU384F/s172999755.cpp,1.7630941249954049
575,data/AIZU384F/s486282597.scala,0.20699279100517742
576,data/AIZU384F/s862759310.c,0.3701117080054246
577,data/AIZU384F/s517829184.java,0.3282945840037428
578,data/AIZU384F/s331345393.js,0.21414479200029746
579,data/AIZU384F/s809644372.cpp,1.7457272079773247
580,data/AIZU384F/s784330565.d,0.15357424999820068
581,data/AIZU384F/s941144158.d,0.6795782500121277
582,data/AIZU384F/s520990205.cpp,3.396132124995347
583,data/AIZU384F/s226836899.py,0.14876974999788217
584,data/AIZU384F/s611133297.c,0.20793754199985415
585,data/AIZU384F/s760893155.py,0.24458295799558982
586,data/AIZU384F/s759431243.cpp,0.8745472080190666
587,data/AIZU384F/s549024168.js,0.2600261670013424
588,data/AIZU384F/s084323773.cpp,1.0069844999816269
589,data/AIZU384F/s159015608.go,0.1729837500024587
590,data/AIZU384F/s297215381.rb,0.1658801670128014
591,data/AIZU384F/s145037913.ml,0.20476891699945554
592,data/AIZU384F/s905193886.scala,0.21044833297492005
593,data/AIZU384F/s983102463.js,0.25160970800789073
594,data/AIZU384F/s446516507.cpp,0.5641926669923123
595,data/AIZU384F/s617950876.kt,0.202270125009818
596,data/AIZU384F/s401330999.rs,0.7734857090108562
597,data/AIZU384F/s864446673.cpp,0.2496806670096703
598,data/AIZU384F/s003518057.cpp,1.1172698329901323
599,data/AIZU384F/s811601661.cpp,0.6776284170045983
600,data/AIZU384F/s739844489.scala,0.21465704098227434
601,data/AIZU384F/s679800995.hs,0.16575654200278223
602,data/AIZU384F/s549672624.scala,0.20252195801003836
603,data/AIZU384F/s771290744.py,0.20986295898910612
604,data/AIZU384F/s401002637.php,0.16069145797519013
605,data/AIZU384F/s956040987.d,0.2622217079915572
606,data/AIZU384F/s090889632.java,0.511032125010388
607,data/AIZU384F/s199586886.cs,0.25444175000302494
608,data/AIZU384F/s108019752.cs,0.20906241700868122
609,data/AIZU384F/s791154395.c,0.9485406249877997
610,data/AIZU384F/s054727969.java,0.4560904169920832
611,data/AIZU384F/s549114439.cs,0.2900862089882139
612,data/AIZU384F/s565638831.rs,0.25433733299723826
613,data/AIZU384F/s771872639.cpp,1.0561282499984372
614,data/AIZU384F/s683338068.d,0.25479300000006333
615,data/AIZU384F/s786942273.cs,0.20728662502369843
616,data/AIZU384F/s034095173.hs,0.2010775830131024
617,data/AIZU384F/s847898096.c,0.5737687910150271
618,data/AIZU384F/s560050005.py,0.670008749992121
619,data/SeSaMeF/1508.java,0.1692380410095211
620,data/SeSaMeF/26738.java,0.2190758749784436
621,data/SeSaMeF/31012.java,0.9474122500105295
622,data/SeSaMeF/12322.java,0.3387159999983851
623,data/SeSaMeF/46085.java,0.15647591699962504
624,data/SeSaMeF/40278.java,0.4847045830101706
625,data/SeSaMeF/8115.java,0.15099604101851583
626,data/SeSaMeF/8400.java,0.2732788330176845
627,data/SeSaMeF/839.java,0.2742208749987185
628,data/SeSaMeF/21383.java,0.16155654200701974
629,data/SeSaMeF/17474.java,0.15511033299844712
630,data/SeSaMeF/9483.java,0.1600819579907693
631,data/SeSaMeF/36796.java,0.21506729198154062
632,data/SeSaMeF/8154.java,0.16427637499873526
633,data/SeSaMeF/4874.java,0.15657012499286793
634,data/SeSaMeF/41582.java,0.11669158301083371
635,data/SeSaMeF/2109.java,0.15675295802066103
636,data/SeSaMeF/55650.java,0.15557116700801998
637,data/SeSaMeF/58577.java,0.1623858749808278
638,data/SeSaMeF/7976.java,0.21314658399205655
639,data/SeSaMeF/14960.java,0.14786266701412387
640,data/SeSaMeF/14063.java,0.41619391698623076
641,data/SeSaMeF/28419.java,0.12306262500351295
642,data/SeSaMeF/15035.java,0.2764751249924302
643,data/SeSaMeF/27514.java,0.12864933401579037
644,data/SeSaMeF/11975.java,0.27009262499632314
645,data/SeSaMeF/34154.java,0.15280562499538064
646,data/SeSaMeF/12436.java,0.2689622089965269
647,data/SeSaMeF/58625.java,0.2618015829939395
648,data/SeSaMeF/19104.java,0.22080033298698254
649,data/SeSaMeF/54578.java,0.2662684170063585
650,data/SeSaMeF/25084.java,0.20436187498853542
651,data/SeSaMeF/18579.java,0.16401962502277456
652,data/SeSaMeF/14809.java,0.20887858400237747
653,data/SeSaMeF/15131.java,0.15960037501645274
654,data/SeSaMeF/1461.java,0.1295406660065055
655,data/SeSaMeF/37555.java,0.22120870801154524
656,data/SeSaMeF/40891.java,0.21580620799795724
657,data/SeSaMeF/13909.java,0.2555662500089966
658,data/SeSaMeF/47745.java,0.15590949999750592
659,data/SeSaMeF/546.java,0.27042570800404064
660,data/SeSaMeF/14798.java,0.1521046250127256
661,data/SeSaMeF/12565.java,0.3710885829932522
662,data/SeSaMeF/19329.java,0.22017341700848192
663,data/SeSaMeF/13661.java,0.16127754197805189
664,data/SeSaMeF/3688.java,0.17530704199452884
665,data/SeSaMeF/35231.java,0.1539000000047963
666,data/SeSaMeF/3539.java,0.2714435000088997
667,data/SeSaMeF/33536.java,0.5016099579806905
668,data/SeSaMeF/13883.java,0.35596358400653116
669,data/SeSaMeF/58582.java,1.0688318749889731
670,data/SeSaMeF/12545.java,0.4138118749833666
671,data/SeSaMeF/19309.java,0.12283925001975149
672,data/SeSaMeF/7487.java,0.6233036249759607
673,data/SeSaMeF/14242.java,0.42590470900177024
674,data/SeSaMeF/19866.java,0.7448106670053676
675,data/SeSaMeF/17481.java,0.25705074999132194
676,data/SeSaMeF/15146.java,0.14621095801703632
677,data/SeSaMeF/2390.java,0.21080900001106784
678,data/SeSaMeF/659.java,0.1695630419999361
679,data/SeSaMeF/40720.java,0.14768479100894183
680,data/SeSaMeF/17881.java,0.16666387498844415
681,data/SeSaMeF/9876.java,0.26371133301290683
682,data/SeSaMeF/17478.java,0.2586469579837285
683,data/SeSaMeF/5910.java,0.34753533397451974
684,data/SeSaMeF/35362.java,0.4717151249933522
685,data/SeSaMeF/11282.java,0.3581192919809837
686,data/SeSaMeF/9088.java,0.15896804200019687
687,data/SeSaMeF/27975.java,0.32940979101113044
688,data/SeSaMeF/7583.java,0.1229368339991197
689,data/SeSaMeF/12338.java,2.6481837080209516
690,data/SeSaMeF/15107.java,0.11102775001199916
691,data/SeSaMeF/1210.java,0.16271058400161564
692,data/SeSaMeF/12986.java,0.43284162497729994
693,data/SeSaMeF/12590.java,0.11065537499962375
694,data/SeSaMeF/56725.java,0.16540133298258297
695,data/SeSaMeF/5711.java,0.259690207982203
696,data/SeSaMeF/45365.java,0.11807458297698759
697,data/SeSaMeF/20320.java,0.2108654580079019
698,data/SeSaMeF/49995.java,0.11973916701390408
699,data/SeSaMeF/4546.java,0.16114283300703391
700,data/SeSaMeF/3283.java,0.1557766660116613
701,data/SeSaMeF/5357.java,0.1593457910057623
702,data/SeSaMeF/29814.java,0.20725162501912564
703,data/SeSaMeF/15078.java,0.35518545800005086
704,data/SeSaMeF/1206.java,0.1556668750126846
705,data/SeSaMeF/12139.java,0.11713887500809506
706,data/SeSaMeF/5300.java,0.1692613750055898
707,data/SeSaMeF/37762.java,0.2053979159973096
708,data/SeSaMeF/37332.java,0.8791257499833591
709,data/SeSaMeF/9909.java,1.0046903750044294
710,data/SeSaMeF/11579.java,0.3112995000265073
711,data/SeSaMeF/5496.java,1.0619724999996834
712,data/SeSaMeF/55325.java,0.22297037500538863
713,data/SeSaMeF/29141.java,0.8988710840058047
714,data/SeSaMeF/60084.java,0.4258862500137184
715,data/SeSaMeF/12092.java,0.12256808401434682
716,data/SeSaMeF/14003.java,0.482132790988544
717,data/SeSaMeF/39950.java,0.14687362499535084
718,data/SeSaMeF/11939.java,0.20271429102285765
719,data/SeSaMeF/12616.java,0.11521012498997152
720,data/SeSaMeF/57573.java,0.26889337500324473
721,data/SeSaMeF/36060.java,0.24576333301956765
722,data/SeSaMeF/47123.java,0.363703417009674
723,data/SeSaMeF/19373.java,0.16409633398870938
724,data/SeSaMeF/47089.java,0.47918712499085814
725,data/SeSaMeF/18077.java,0.151679915987188
726,data/SeSaMeF/2493.java,0.12150554099935107
727,data/SeSaMeF/45364.java,0.17077366600278765
728,data/SeSaMeF/6645.java,0.4206409159814939
729,data/SeSaMeF/30321.java,0.7309864170092624
730,data/SeSaMeF/19365.java,0.25723137499880977
731,data/SeSaMeF/14804.java,0.120866917015519
732,data/SeSaMeF/12196.java,0.8872256669856142
733,data/SeSaMeF/3410.java,0.15000170900020748
734,data/SeSaMeF/60138.java,0.12017587499576621
735,data/SeSaMeF/57162.java,0.11800412501906976
736,data/SeSaMeF/1704.java,0.2651991249877028
737,data/SeSaMeF/15254.java,0.2787648329976946
738,data/SeSaMeF/34159.java,0.10653766701580025
739,data/SeSaMeF/176.java,0.16139874997315928
740,data/SeSaMeF/9066.java,1.5528367080260068
741,data/SeSaMeF/14717.java,0.21051966698723845
742,data/SeSaMeF/28382.java,0.25575954202213325
743,data/SeSaMeF/20927.java,0.46415849999175407
744,data/SeSaMeF/4438.java,0.12099479101016186
745,data/SeSaMeF/37535.java,0.3168956250010524
746,data/SeSaMeF/13986.java,0.1698634999920614
747,data/SeSaMeF/37889.java,0.10800137501792051
748,data/SeSaMeF/4896.java,0.30156037499546073
749,data/SeSaMeF/13586.java,0.6200024170102552
750,data/SeSaMeF/25322.java,0.6031019590154756
751,data/SeSaMeF/19308.java,0.15394541702698916
752,data/SeSaMeF/3646.java,0.15731579199200496
753,data/SeSaMeF/58079.java,0.14896587500697933
754,data/SeSaMeF/38.java,0.21868291700957343
755,data/SeSaMeF/22633.java,0.21628833300201222
756,data/SeSaMeF/14701.java,0.20461566699668765
757,data/SeSaMeF/13494.java,0.20894000001135282
758,data/SeSaMeF/5680.java,0.151994999992894
759,data/SeSaMeF/48350.java,0.4280655000184197
760,data/SeSaMeF/18539.java,0.10943658300675452
761,data/SeSaMeF/36191.java,0.15897970800870098
762,data/SeSaMeF/19797.java,0.1689265409950167
763,data/SeSaMeF/23686.java,0.1219918749993667
764,data/SeSaMeF/52815.java,0.1621511669945903
765,data/SeSaMeF/7449.java,0.2765606250031851
766,data/SeSaMeF/547.java,0.16445816698251292
767,data/SeSaMeF/34051.java,0.12390420897281729
768,data/SeSaMeF/28137.java,0.12839241701294668
769,data/SeSaMeF/43183.java,0.6287989169941284
770,data/SeSaMeF/14808.java,0.1599214170128107
771,data/SeSaMeF/25656.java,1.94231666700216
772,data/SeSaMeF/48223.java,0.12295987500692718
773,data/SeSaMeF/9416.java,0.3100789579912089
774,data/SeSaMeF/57355.java,0.15715787498629652
775,data/SeSaMeF/855.java,0.21348700000089593
776,data/SeSaMeF/5570.java,0.1581615420000162
777,data/SeSaMeF/41813.java,0.426029207999818
778,data/SeSaMeF/14019.java,0.42511620800360106
779,data/SeSaMeF/14760.java,0.31058541699894704
780,data/SeSaMeF/56513.java,0.4658612500061281
781,data/SeSaMeF/802.java,0.3075530420173891
782,data/SeSaMeF/253.java,0.1647612500237301
783,data/SeSaMeF/3522.java,0.1242039589851629
784,data/SeSaMeF/50668.java,0.16539920901414007
785,data/SeSaMeF/5272.java,0.21423620800487697
786,data/SeSaMeF/19312.java,0.25693670799955726
787,data/SeSaMeF/17475.java,0.15811449999455363
788,data/SeSaMeF/8339.java,0.22691520798252895
789,data/SeSaMeF/21117.java,0.20813825001823716
790,data/SeSaMeF/21697.java,0.15784854200319387
791,data/SeSaMeF/357.java,0.1270008329884149
792,data/SeSaMeF/212.java,0.6863870410015807
793,data/SeSaMeF/27190.java,0.8471019580028951
794,data/SeSaMeF/57292.java,0.16064162499969825
795,data/SeSaMeF/19216.java,0.1662067920260597
796,data/SeSaMeF/5399.java,0.20494945798418485
797,data/SeSaMeF/55094.java,0.11711312498664483
798,data/SeSaMeF/4422.java,0.21421837498201057
799,data/SeSaMeF/27981.java,0.16454137497930788
800,data/SeSaMeF/13532.java,0.21319295797729865
801,data/SeSaMeF/39970.java,0.31292383300024085
802,data/SeSaMeF/5687.java,0.20335104200057685
803,data/SeSaMeF/2007.java,0.166699499997776
804,data/SeSaMeF/18549.java,0.21142512498772703
805,data/SeSaMeF/33619.java,0.4807252089958638
806,data/SeSaMeF/56349.java,0.11868179199518636
807,data/SeSaMeF/19358.java,0.22667649999493733
808,data/SeSaMeF/12797.java,0.36143833299865946
809,data/SeSaMeF/5812.java,0.2563492909830529
810,data/SeSaMeF/4700.java,0.12092379099340178
811,data/SeSaMeF/11011.java,0.2726624159840867
812,data/SeSaMeF/45359.java,0.14995308298966847
813,data/SeSaMeF/1447.java,0.10954416601452976
814,data/SeSaMeF/5404.java,0.4901676249864977
815,data/SeSaMeF/14881.java,0.35805337500642054
816,data/SeSaMeF/41064.java,0.1547851249924861
817,data/SeSaMeF/14497.java,1.320451083010994
818,data/SeSaMeF/30432.java,0.15649875000235625
819,data/SeSaMeF/58750.java,0.21053833299083635
820,data/SeSaMeF/1555.java,0.12172554200515151
821,data/SeSaMeF/560.java,0.19633654202334583
822,data/SeSaMeF/68.java,0.09497779098455794
823,data/SeSaMeF/15140.java,0.1547041250159964
824,data/SeSaMeF/27932.java,0.16533095898921601
825,data/SeSaMeF/11553.java,0.16430841700639576
826,data/SeSaMeF/18508.java,0.3209743330080528
827,data/SeSaMeF/12806.java,0.20545995800057426
828,data/SeSaMeF/8332.java,0.3654700839833822
829,data/SeSaMeF/29193.java,0.31238929100800306
830,data/SeSaMeF/38106.java,0.16109820897690952
831,data/SeSaMeF/31262.java,0.12003325001569465
832,data/SeSaMeF/44362.java,0.3704662499949336
833,data/SeSaMeF/46076.java,0.16881837500841357
834,data/SeSaMeF/736.java,0.1675859999959357
835,data/SeSaMeF/21976.java,0.3563991660194006
836,data/SeSaMeF/14784.java,0.309291999990819
837,data/SeSaMeF/809.java,0.162330833991291
838,data/SeSaMeF/14803.java,0.15791570802684873
839,data/SeSaMeF/18123.java,0.12349183298647404
840,data/SeSaMeF/18965.java,0.11036529199918732
841,data/SeSaMeF/3293.java,0.22804483299842104
842,data/SeSaMeF/45363.java,0.15801179100526497
843,data/SeSaMeF/11882.java,0.2577394580002874
844,data/SeSaMeF/19374.java,0.24442579201422632
845,data/SeSaMeF/15357.java,0.19756820797920227
846,data/SeSaMeF/53188.java,0.3581737909989897
847,data/SeSaMeF/29111.java,0.4670463750080671
848,data/SeSaMeF/50032.java,0.12680358299985528
849,data/SeSaMeF/36876.java,0.16750787501223385
850,data/SeSaMeF/56627.java,0.1901269580121152
851,data/SeSaMeF/34324.java,0.1577895840164274
852,data/SeSaMeF/44.java,0.1660811250039842
853,data/SeSaMeF/31825.java,0.17495533399051055
854,data/SeSaMeF/29561.java,0.36777366598835215
855,data/SeSaMeF/7570.java,0.22610845800954849
856,data/SeSaMeF/4833.java,0.12868120800703764
857,data/SeSaMeF/1298.java,0.16109562499332242
858,data/SeSaMeF/12148.java,0.3095815420092549
859,data/SeSaMeF/64.java,0.2589108750107698
860,data/SeSaMeF/3421.java,0.16348095799912699
861,data/SeSaMeF/49321.java,0.2185907500097528
862,data/SeSaMeF/15320.java,0.20415220799623057
863,data/SeSaMeF/215.java,0.16415412499918602
864,data/SeSaMeF/13124.java,0.22028187499381602
865,data/SeSaMeF/19315.java,0.3217927500081714
866,data/SeSaMeF/6459.java,0.6791850419831462
867,data/SeSaMeF/50004.java,0.10087858399492688
868,data/SeSaMeF/2271.java,0.14227987499907613
869,data/SeSaMeF/3749.java,0.16913945900159888
870,data/SeSaMeF/59049.java,0.1582483329984825
871,data/SeSaMeF/3319.java,0.2768419170170091
872,data/SeSaMeF/2508.java,0.37413637500139885
873,data/SeSaMeF/5465.java,0.47570249999989755
874,data/SeSaMeF/14272.java,0.16531358298379928
875,data/SeSaMeF/9780.java,0.26883666700450704
876,data/SeSaMeF/7771.java,0.16621495797880925
877,data/SeSaMeF/41286.java,0.1250318749807775
878,data/SeSaMeF/25128.java,0.5804053329920862
879,data/SeSaMeF/36092.java,0.22134854199248366
880,data/SeSaMeF/31307.java,0.16287829200155102
881,data/SeSaMeF/21307.java,0.11050483398139477
882,data/SeSaMeF/27046.java,0.5171717920165975
883,data/SeSaMeF/57344.java,0.730244375008624
884,data/SeSaMeF/31038.java,0.1579720419831574
885,data/SeSaMeF/1125.java,0.258451875008177
886,data/SeSaMeF/25169.java,0.26722566699027084
887,data/SeSaMeF/686.java,0.2616430830094032
888,data/SeSaMeF/28473.java,0.3095049590046983
889,data/SeSaMeF/12562.java,0.664933749998454
890,data/SeSaMeF/37339.java,0.20252008401439525
891,data/SeSaMeF/35754.java,0.4170723329880275
892,data/SeSaMeF/31255.java,0.2596774999983609
893,data/SeSaMeF/28561.java,0.2130693329963833
894,data/SeSaMeF/14377.java,0.463106292008888
895,data/SeSaMeF/28648.java,0.15322904201457277
896,data/SeSaMeF/15136.java,0.11801570901297964
897,data/SeSaMeF/15073.java,1.0545775419741403
898,data/SeSaMeF/146.java,0.25892358299461193
899,data/SeSaMeF/59434.java,0.09844412500387989
900,data/SeSaMeF/14224.java,0.41812137499800883
901,data/SeSaMeF/5825.java,0.2177822079975158
902,data/SeSaMeF/25579.java,0.30197691699140705
903,data/SeSaMeF/25083.java,1.2829292920068838
904,data/SeSaMeF/5608.java,0.21333733401843347
905,data/SeSaMeF/22068.java,0.32535845899838023
906,data/SeSaMeF/6531.java,0.583624291990418
907,data/SeSaMeF/26494.java,0.1165694159863051
908,data/SeSaMeF/24082.java,0.1263924999802839
909,data/SeSaMeF/46094.java,0.263609790999908
910,data/SeSaMeF/17561.java,0.14779958399594761
911,data/SeSaMeF/56610.java,0.8405484579852782
912,data/SeSaMeF/6458.java,0.12689395897905342
913,data/SeSaMeF/5274.java,0.27152379098697565
914,data/SeSaMeF/51643.java,0.15815412500523962
915,data/SeSaMeF/47797.java,0.26229387501371093
916,data/SeSaMeF/73.java,0.14962679200107232
917,data/SeSaMeF/25447.java,0.16071349999401718
918,data/SeSaMeF/19482.java,0.1223092500003986
919,data/SeSaMeF/701.java,0.16727379101212136
920,data/SeSaMeF/25282.java,0.1253671669983305
921,data/SeSaMeF/36011.java,0.1669267499819398
922,data/SeSaMeF/5262.java,0.12550883399671875
923,data/SeSaMeF/14863.java,0.16673679198720492
924,data/SeSaMeF/65.java,0.12202229097601958
925,data/SeSaMeF/39864.java,0.1626426670118235
926,data/SeSaMeF/48531.java,0.5119943340250757
927,data/SeSaMeF/29188.java,0.20764116599457338
928,data/SeSaMeF/22394.java,0.15410329098813236
929,data/SeSaMeF/57386.java,0.512953708996065
930,data/SeSaMeF/28721.java,0.3465670419973321
931,data/SeSaMeF/46082.java,0.15602329099783674
932,data/SeSaMeF/46981.java,0.41454666599747725
933,data/SeSaMeF/54545.java,0.7363504169916268
934,data/SeSaMeF/15028.java,0.6699024160043336
935,data/SeSaMeF/3816.java,0.2007646249840036
936,data/SeSaMeF/14843.java,0.14920058302232064
937,data/SeSaMeF/15301.java,0.1616250420047436
938,data/SeSaMeF/664.java,0.12228895799489692
939,data/SeSaMeF/8923.java,0.35807591598131694
940,data/SeSaMeF/36877.java,0.3103320419904776
941,data/SeSaMeF/6481.java,0.25161079099052586
942,data/SeSaMeF/12581.java,0.2559956669865642
943,data/SeSaMeF/41788.java,0.16439412502222694
944,data/SeSaMeF/36123.java,0.27106945900595747
945,data/SeSaMeF/1743.java,0.1557723750011064
946,data/SeSaMeF/45362.java,0.15948695898987353
947,data/SeSaMeF/3912.java,0.15163908299291506
948,data/SeSaMeF/15086.java,0.6303520420042332
949,data/SeSaMeF/48803.java,0.11235425001359545
950,data/SeSaMeF/14802.java,0.15754441599710844
951,data/SeSaMeF/3787.java,0.21196225000312552
952,data/SeSaMeF/760.java,0.21907391599961556
953,data/SeSaMeF/3338.java,0.22079429199220613
954,data/SeSaMeF/50137.java,0.4636845409986563
955,data/SeSaMeF/48157.java,0.5165907500195317
956,data/SeSaMeF/14785.java,0.2560470830067061
957,data/SeSaMeF/6751.java,0.17224983300548047
958,data/SeSaMeF/808.java,0.22902833300759085
959,data/SeSaMeF/19764.java,0.12570891599170864
960,data/SeSaMeF/672.java,0.1333670419990085
961,data/SeSaMeF/37323.java,0.10938049998367205
962,data/SeSaMeF/38486.java,0.12803245900431648
963,data/SeSaMeF/6680.java,0.1698588749859482
964,data/SeSaMeF/7992.java,0.32097866700496525
965,data/SeSaMeF/28.java,0.6288319999875966
966,data/SeSaMeF/12295.java,0.2681502919876948
967,data/SeSaMeF/23462.java,0.16429258399875835
968,data/SeSaMeF/59101.java,0.3113381669973023
969,data/SeSaMeF/59802.java,1.1171267500030808
970,data/SeSaMeF/13596.java,0.12606162499287166
971,data/SeSaMeF/57148.java,0.12531116700847633
972,data/SeSaMeF/18509.java,0.22202829201705754
973,data/SeSaMeF/18266.java,0.32717025000602007
974,data/SeSaMeF/60104.java,0.16605100000742823
975,data/SeSaMeF/86.java,0.22208029200555757
976,data/SeSaMeF/977.java,0.22457116600708105
977,data/SeSaMeF/45925.java,0.21828408300643787
978,data/SeSaMeF/38845.java,0.220800415991107
979,data/SeSaMeF/14479.java,0.2186377089819871
980,data/SeSaMeF/1368.java,0.16184966600849293
981,data/SeSaMeF/3355.java,0.6774244170228485
982,data/SeSaMeF/29242.java,0.27632087501115166
983,data/SeSaMeF/14496.java,0.2070524159935303
984,data/SeSaMeF/12112.java,0.31449991700355895
985,data/SeSaMeF/12542.java,1.2706140829832293
986,data/SeSaMeF/2285.java,0.16607974999351427
987,data/SeSaMeF/5813.java,0.16027604200644419
988,data/SeSaMeF/45358.java,0.2299016669858247
989,data/SeSaMeF/49951.java,0.22027841600356624
990,data/SeSaMeF/5686.java,2.1641603750176728
991,data/SeSaMeF/35666.java,0.1984973750077188
992,data/SeSaMeF/14790.java,0.17366441700141877
993,data/SeSaMeF/12214.java,0.5851061250141356
994,data/SeSaMeF/50437.java,0.19292245799442753
995,data/SeSaMeF/5492.java,0.161211957980413
996,data/SeSaMeF/46019.java,0.43233254199731164
997,data/SeSaMeF/7440.java,0.12601579201873392
998,data/SeSaMeF/7010.java,0.37785858401912265
999,data/SeSaMeF/29001.java,0.44651529198745266
1000,data/SeSaMeF/29113.java,0.4435104999865871
1001,data/SeSaMeF/1193.java,0.20349620902561583
1002,data/SeSaMeF/28647.java,0.39603154198266566
1003,data/SeSaMeF/11603.java,0.21580108301714063
1004,data/SeSaMeF/36435.java,0.6759447920194361
1005,data/SeSaMeF/12869.java,0.1427930420031771
1006,data/SeSaMeF/51158.java,0.1468958330224268
1007,data/SeSaMeF/12605.java,0.11992904200451449
1008,data/SeSaMeF/25433.java,0.5046308340097312
1009,data/SeSaMeF/20631.java,0.09796699997968972
1010,data/SeSaMeF/45361.java,0.15243633300997317
1011,data/SeSaMeF/626.java,0.16793908301042393
1012,data/SeSaMeF/14801.java,0.2099351249926258
1013,data/SeSaMeF/27232.java,0.21606704199803062
1014,data/SeSaMeF/3550.java,0.8424860000086483
1015,data/SeSaMeF/35464.java,0.9573557499970775
1016,data/SeSaMeF/364.java,0.2033107919851318
1017,data/SeSaMeF/12594.java,0.5663311670068651
1018,data/SeSaMeF/4915.java,0.35377679200610146
1019,data/SeSaMeF/1214.java,0.20473362499615178
1020,data/SeSaMeF/11707.java,0.14219425001647323
1021,data/SeSaMeF/59179.java,0.15459208298125304
1022,data/SeSaMeF/33898.java,0.26311283302493393
1023,data/SeSaMeF/57720.java,0.12029337498825043
1024,data/SeSaMeF/36663.java,0.11303591702017002
1025,data/SeSaMeF/7568.java,0.1596564999781549
1026,data/SeSaMeF/58713.java,0.2101823749835603
1027,data/SeSaMeF/1280.java,0.1650837499764748
1028,data/SeSaMeF/13080.java,0.2295747919997666
1029,data/SeSaMeF/46023.java,0.16374708301736973
1030,data/SeSaMeF/9472.java,0.1563384170003701
1031,data/SeSaMeF/2394.java,0.15500454200082459
1032,data/SeSaMeF/15142.java,0.12916137499269098
1033,data/SeSaMeF/17485.java,0.16253850000794046
1034,data/SeSaMeF/12541.java,0.21212241699686274
1035,data/SeSaMeF/6441.java,0.16756837500724941
1036,data/SeSaMeF/1384.java,0.1713630410085898
1037,data/SeSaMeF/3706.java,0.10960383299971
1038,data/SeSaMeF/14883.java,0.1592414169863332
1039,data/SeSaMeF/25327.java,0.26718833300401457
1040,data/SeSaMeF/13868.java,0.41723320801975206
1041,data/SeSaMeF/11855.java,0.1281969999836292
1042,data/SeSaMeF/47736.java,0.15019795898115262
1043,data/SeSaMeF/4352.java,0.15461479101213627
1044,data/SeSaMeF/52021.java,0.17294070799835026
1045,data/SeSaMeF/11910.java,0.1607426660193596
1046,data/SeSaMeF/35235.java,0.285002834018087
1047,data/SeSaMeF/17651.java,0.13596954199601896
1048,data/SeSaMeF/39353.java,0.159048375004204
1049,data/SeSaMeF/56629.java,0.1330669170129113
1050,data/SeSaMeF/48637.java,1.5489343749941327
1051,data/SeSaMeF/46015.java,0.3166485419787932
1052,data/SeSaMeF/4775.java,0.260795332986163
1053,data/SeSaMeF/23545.java,0.17210787499789149
1054,data/SeSaMeF/14773.java,0.13039420801214874
1055,data/SeSaMeF/11822.java,0.6343992079782765
1056,data/SeSaMeF/60062.java,0.22248204101924784
1057,data/SeSaMeF/28562.java,0.4070272090029903
1058,data/SeSaMeF/54356.java,0.21191558399004862
1059,data/SeSaMeF/57080.java,0.26378125001792796
1060,data/SeSaMeF/11199.java,0.263727999990806
1061,data/SeSaMeF/145.java,0.15135749999899417
1062,data/SeSaMeF/25995.java,0.3372028330049943
1063,data/SeSaMeF/51768.java,0.34774141598609276
1064,data/SeSaMeF/48549.java,0.1067905000236351
1065,data/SeSaMeF/59964.java,1.2981874170072842
1066,data/SeSaMeF/780.java,0.28035045898286626
1067,data/SeSaMeF/56054.java,0.1555461660027504
1068,data/SeSaMeF/25741.java,0.45781770802568644
1069,data/SeSaMeF/28935.java,0.20631462501478381
1070,data/SeSaMeF/28036.java,0.2593880420026835
1071,data/SeSaMeF/28466.java,0.1577081249852199
1072,data/SeSaMeF/5488.java,0.161065916006919
1073,data/SeSaMeF/8605.java,0.15888150001410395
1074,data/SeSaMeF/17519.java,0.21977541700471193
1075,data/SeSaMeF/14821.java,0.15393620802205987
1076,data/SeSaMeF/30492.java,0.22070845897542313
1077,data/SeSaMeF/46097.java,0.2997252920176834
1078,data/SeSaMeF/20754.java,0.14574116698349826
1079,data/SeSaMeF/19317.java,0.24999579199356958
1080,data/SeSaMeF/57844.java,0.14785941698937677
1081,data/SeSaMeF/344.java,0.3554414169921074
1082,data/SeSaMeF/33713.java,0.10447787499288097
1083,data/SeSaMeF/5332.java,0.2586673339828849
1084,data/SeSaMeF/18013.java,0.14954908299841918
1085,data/SeSaMeF/36638.java,0.15341229201294482
1086,data/SeSaMeF/15158.java,0.16779612499522045
1087,data/SeSaMeF/43738.java,0.4228737500088755
1088,data/SeSaMeF/7499.java,0.15210062501137145
1089,data/SeSaMeF/70.java,0.15314612499787472
1090,data/SeSaMeF/39172.java,0.11011441599112004
1091,data/SeSaMeF/45603.java,0.2575578330142889
1092,data/SeSaMeF/47794.java,0.20155399999930523
1093,data/SeSaMeF/18510.java,0.2557784999953583
1094,data/SeSaMeF/15267.java,0.30850183399161324
1095,data/SeSaMeF/13219.java,0.31078545801574364
1096,data/SeSaMeF/6508.java,0.16177945799427107
1097,data/SeSaMeF/30129.java,0.11803916699136607
1098,data/SeSaMeF/55300.java,0.1611643749929499
1099,data/SeSaMeF/7899.java,0.37488800002029166
1100,data/SeSaMeF/66.java,0.15203487500548363
1101,data/SeSaMeF/18547.java,0.16023379200487398
1102,data/SeSaMeF/50339.java,0.16829183298978023
1103,data/SeSaMeF/45091.java,0.21909595798933879
1104,data/SeSaMeF/51314.java,0.16023020798456855
1105,data/SeSaMeF/14708.java,0.16148362497915514
1106,data/SeSaMeF/44053.java,0.16532820800784975
1107,data/SeSaMeF/7122.java,0.21305070800008252
1108,data/SeSaMeF/14359.java,0.2579037089890335
1109,data/SeSaMeF/27069.java,0.4693916249962058
1110,data/SeSaMeF/25541.java,0.5665661670209374
1111,data/SeSaMeF/30.java,0.1707473749993369
1112,data/SeSaMeF/58972.java,0.25794675000361167
1113,data/SeSaMeF/4426.java,0.3579025829967577
1114,data/SeSaMeF/47042.java,0.15576770799816586
1115,data/SeSaMeF/17488.java,0.15300912500242703
1116,data/SeSaMeF/67.java,0.16628629199112765
1117,data/SeSaMeF/4471.java,0.1759052090055775
1118,data/SeSaMeF/1673.java,0.15709233298548497
1119,data/SeSaMeF/28148.java,0.11018141600652598
1120,data/SeSaMeF/1059.java,0.20691608401830308
1121,data/SeSaMeF/25916.java,0.0990929999970831
1122,data/SeSaMeF/3967.java,0.15912479200051166
1123,data/SeSaMeF/71.java,0.30423191701993346
1124,data/SeSaMeF/13598.java,0.10806229099398479
1125,data/SeSaMeF/19316.java,0.19723037499352358
1126,data/SeSaMeF/23657.java,0.2115964579861611
1127,data/SeSaMeF/18442.java,0.16527112500625663
1128,data/SeSaMeF/27585.java,0.1372744170075748
1129,data/SeSaMeF/46096.java,0.2625645830121357
1130,data/SeSaMeF/25804.java,0.28008129200316034
1131,data/SeSaMeF/12274.java,0.4806122079899069
1132,data/SeSaMeF/14820.java,0.1652030409895815
1133,data/SeSaMeF/27213.java,0.697722499986412
1134,data/SeSaMeF/44896.java,0.16827462500077672
1135,data/SeSaMeF/18252.java,0.17378279200056568
1136,data/SeSaMeF/15175.java,0.10907249999581836
1137,data/SeSaMeF/55012.java,0.11682270900928415
1138,data/SeSaMeF/6476.java,0.1522763330140151
1139,data/SeSaMeF/44316.java,1.019867458002409
1140,data/SeSaMeF/28467.java,0.26885691698407754
1141,data/SeSaMeF/5124.java,0.1208687910111621
1142,data/SeSaMeF/29558.java,0.2638423329917714
1143,data/SeSaMeF/45383.java,0.11105795900220983
1144,data/SeSaMeF/9557.java,0.26807970899972133
1145,data/SeSaMeF/447.java,0.31754366698442027
1146,data/SeSaMeF/11862.java,0.4778046660067048
1147,data/SeSaMeF/3336.java,0.17537879198789597
1148,data/SeSaMeF/5718.java,0.22407754100277089
1149,data/SeSaMeF/57078.java,0.32326516599277966
1150,data/SeSaMeF/33786.java,0.22531354098464362
1151,data/SeSaMeF/51786.java,0.2790752500004601
1152,data/SeSaMeF/46940.java,0.5855482919723727
1153,data/SeSaMeF/56805.java,0.21379174999310635
1154,data/SeSaMeF/9404.java,0.21954274998279288
1155,data/SeSaMeF/51293.java,0.1187539590173401
1156,data/SeSaMeF/17670.java,0.2311299169959966
1157,data/SeSaMeF/1608.java,0.1709371659962926
1158,data/SeSaMeF/9900.java,1.167684542015195
1159,data/SeSaMeF/56628.java,0.13443391700275242
1160,data/SeSaMeF/30554.java,0.2813538750051521
1161,data/SeSaMeF/14908.java,0.17728441598592326
1162,data/SeSaMeF/34901.java,0.225759916997049
1163,data/SeSaMeF/9074.java,0.21852824999950826
1164,data/SeSaMeF/14210.java,0.2296197499963455
1165,data/SeSaMeF/534.java,0.17478837500675581
1166,data/SeSaMeF/15051.java,0.16664624999975786
1167,data/SeSaMeF/41572.java,0.17336791698471643
1168,data/SeSaMeF/35633.java,0.4240226249967236
1169,data/SeSaMeF/47449.java,0.1947694589907769
1170,data/SeSaMeF/46608.java,0.10991545801516622
1171,data/SeSaMeF/59284.java,0.11831187500501983
1172,data/SeSaMeF/15143.java,0.13490041700424626
1173,data/SeSaMeF/2680.java,0.31610237498534843
1174,data/SeSaMeF/12239.java,0.5648296249855775
1175,data/SeSaMeF/133.java,0.26064266700996086
1176,data/SeSaMeF/9259.java,0.2192094170022756
1177,data/SeSaMeF/51564.java,0.4200657499895897
1178,data/SeSaMeF/4892.java,0.09808324999175966
1179,data/SeSaMeF/33067.java,0.14973470900440589
1180,data/SeSaMeF/5016.java,0.47824079100973904
1181,data/SeSaMeF/29190.java,0.15764662498258986
1182,data/SeSaMeF/49787.java,0.10261337499832734
1183,data/SeSaMeF/3253.java,0.357306208985392
1184,data/SeSaMeF/4596.java,0.11680079199140891
1185,data/SeSaMeF/51499.java,0.3853870419843588
1186,data/SeSaMeF/1281.java,0.16586958299740218
1187,data/SeSaMeF/46075.java,0.16157125000609085
1188,data/SeSaMeF/48591.java,0.16346599999815226
1189,data/SeSaMeF/365.java,0.1610941250110045
1190,data/SeSaMeF/14011.java,0.12041970799327828
1191,data/SeSaMeF/12595.java,0.12237537498003803
1192,data/SeSaMeF/7791.java,0.17180166699108668
1193,data/SeSaMeF/670.java,0.2224068749928847
1194,data/SeSaMeF/35035.java,0.20430670899804682
1195,data/SeSaMeF/48694.java,0.15601049998076633
1196,data/SeSaMeF/14800.java,0.15411337499972433
1197,data/SeSaMeF/4693.java,0.8942649580130819
1198,data/SeSaMeF/3506.java,0.15838595799868926
1199,data/SeSaMeF/3855.java,0.156404500012286
1200,data/SeSaMeF/28650.java,0.21003079201909713
1201,data/SeSaMeF/12887.java,0.2175944999908097
1202,data/SeSaMeF/36822.java,0.17209154201555066
1203,data/SeSaMeF/18073.java,0.26869825000176206
1204,data/SeSaMeF/25218.java,0.13621087500359863
1205,data/SeSaMeF/29112.java,0.11873212500358932
1206,data/SeSaMeF/14683.java,0.5435581249766983
1207,data/SeSaMeF/59882.java,0.3211256669892464
1208,data/SeSaMeF/20108.java,0.17543729199678637
1209,data/SeSaMeF/19265.java,0.12009520799620077
1210,data/SeSaMeF/3681.java,0.166165207978338
1211,data/SeSaMeF/14791.java,0.1556107499927748
1212,data/SeSaMeF/12700.java,0.4877882500004489
1213,data/SeSaMeF/20671.java,0.21465695899678394
1214,data/SeSaMeF/54242.java,0.21495770901674405
1215,data/SeSaMeF/14149.java,0.4690398329985328
1216,data/SeSaMeF/19517.java,0.153388000006089
1217,data/SeSaMeF/4636.java,0.16430029200273566
1218,data/SeSaMeF/14325.java,0.12419408399728127
1219,data/SeSaMeF/53180.java,0.16593224997632205
1220,data/SeSaMeF/12160.java,0.11165812500985339
1221,data/SeSaMeF/9403.java,0.1479506670148112
1222,data/SeSaMeF/12875.java,0.16532558400649577
1223,data/SeSaMeF/36079.java,0.7478240840137005
1224,data/SeSaMeF/45384.java,0.16403883299790323
1225,data/SeSaMeF/11218.java,1.0734730419935659
1226,data/SeSaMeF/19782.java,0.17032329199719243
1227,data/SeSaMeF/58332.java,0.174825875001261
1228,data/SeSaMeF/552.java,0.21770516701508313
1229,data/SeSaMeF/1971.java,0.2263887079898268
1230,data/SeSaMeF/57815.java,0.2066570419992786
1231,data/SeSaMeF/14962.java,0.17108150001149625
1232,data/SeSaMeF/8101.java,0.16009779201704077
1233,data/SeSaMeF/1009.java,0.10515129199484363
1234,data/SeSaMeF/48125.java,0.5778560419857968
1235,data/SeSaMeF/13874.java,0.1759582909871824
1236,data/SeSaMeF/8678.java,0.1578030830132775
1237,data/SeSaMeF/21.java,0.22586966599919833
1238,data/SeSaMeF/19311.java,0.16096129198558629
1239,data/SeSaMeF/33200.java,0.11997791600879282
1240,data/SeSaMeF/27306.java,0.12266654099221341
1241,data/SeSaMeF/54782.java,0.2774035000184085
1242,data/SeSaMeF/30210.java,0.15639583297888748
1243,data/SeSaMeF/23129.java,0.31697737498325296
1244,data/SeSaMeF/8455.java,0.11998583399690688
1245,data/SeSaMeF/19307.java,0.17832533401087858
1246,data/SeSaMeF/211.java,0.4287739999999758
1247,data/SeSaMeF/1048.java,0.1662754160061013
1248,data/SeSaMeF/50104.java,0.1677684159949422
1249,data/SeSaMeF/29498.java,0.23291233400232159
1250,data/SeSaMeF/7718.java,0.158484249986941
1251,data/SeSaMeF/14974.java,0.11063533299602568
1252,data/SeSaMeF/28724.java,0.2074840829882305
1253,data/SeSaMeF/50016.java,0.11518724999041297
1254,data/SeSaMeF/24770.java,0.11387254198780283
1255,data/SeSaMeF/15168.java,0.1571665419905912
1256,data/SeSaMeF/12707.java,0.5775400839920621
1257,data/SeSaMeF/43421.java,0.16069308298756368
1258,data/SeSaMeF/46766.java,0.20603500001016073
1259,data/SeSaMeF/661.java,0.16777112500858493
1260,data/SeSaMeF/14145.java,0.3216625839995686
1261,data/SeSaMeF/29115.java,0.16385537502355874
1262,data/SeSaMeF/54833.java,0.1519619589962531
1263,data/SeSaMeF/14684.java,0.11894575000042096
1264,data/SeSaMeF/27367.java,0.13618433300871402
1265,data/SeSaMeF/9726.java,0.3847696669981815
1266,data/SeSaMeF/9376.java,0.31961358297849074
1267,data/SeSaMeF/159.java,0.12346820801030844
1268,data/SeSaMeF/7407.java,0.2846932079992257
1269,data/SeSaMeF/25065.java,0.23307962500257418
1270,data/SeSaMeF/44126.java,0.2784640000027139
1271,data/SeSaMeF/15200.java,0.1821715830010362
1272,data/SeSaMeF/19366.java,0.334881624992704
1273,data/SeSaMeF/58152.java,0.6467597919981927
1274,data/SeSaMeF/35931.java,0.16117995799868368
1275,data/SeSaMeF/30660.java,0.2321142499858979
1276,data/SeSaMeF/43067.java,0.16420916598872282
1277,data/SeSaMeF/677.java,0.17508383298991248
1278,data/SeSaMeF/7581.java,0.16678062500432134
1279,data/SeSaMeF/2279.java,0.15291895798873156
1280,data/SeSaMeF/14201.java,0.3789807079883758
1281,data/SeSaMeF/46971.java,0.22480395800084807
1282,data/SeSaMeF/58596.java,0.16099658299935982
1283,data/SeSaMeF/1269.java,0.12571716698585078
1284,data/SeSaMeF/14981.java,0.16892737499438226
1285,data/SeSaMeF/47819.java,0.12577612500172108
1286,data/SeSaMeF/5695.java,0.1272459999890998
1287,data/SeSaMeF/12910.java,0.2759502500121016
1288,data/SeSaMeF/13985.java,0.1650009579898324
1289,data/SeSaMeF/19872.java,0.4939530419942457
1290,data/SeSaMeF/32364.java,0.48346262497943826
1291,data/SeSaMeF/17883.java,0.1327898340241518
1292,data/SeSaMeF/14190.java,0.28456687499419786
1293,data/SeSaMeF/972.java,0.11941395900794305
1294,data/SeSaMeF/11557.java,0.13257383400923572
1295,data/SeSaMeF/134.java,0.3291977089829743
1296,data/SeSaMeF/3350.java,0.4797736670006998
1297,data/SeSaMeF/358.java,0.12006504199234769
1298,data/SeSaMeF/18058.java,0.17675054201390594
1299,data/SeSaMeF/50332.java,0.13117770900134929
1300,data/SeSaMeF/4586.java,0.1014496669813525
1301,data/SeSaMeF/40277.java,0.1540446669969242
1302,data/SeSaMeF/20175.java,0.14539499999955297
1303,data/SeSaMeF/6692.java,0.18077487498521805
1304,data/SeSaMeF/14216.java,1.7850570830050856
1305,data/SeSaMeF/14168.java,0.17091795802116394
1306,data/SeSaMeF/5790.java,0.22901891599758528
1307,data/SeSaMeF/2813.java,0.22676537500228733
1308,data/SeSaMeF/53375.java,0.16754966700682417
1309,data/SeSaMeF/9475.java,0.22294616702129133
1310,data/SeSaMeF/56462.java,0.26463758398313075
1311,data/SeSaMeF/836.java,0.12960058299358934
1312,data/SeSaMeF/2413.java,0.21818933301256038
1313,data/SeSaMeF/14742.java,0.2732104159949813
1314,data/SeSaMeF/29196.java,0.27320320799481124
1315,data/SeSaMeF/15153.java,0.16839470900595188
1316,data/SeSaMeF/3828.java,0.25683574998402037
1317,data/SeSaMeF/47818.java,0.1031729580136016
1318,data/SeSaMeF/25361.java,0.11773966602049768
1319,data/SeSaMeF/48128.java,0.17535787497763522
1320,data/SeSaMeF/461.java,0.1664567910193
1321,data/SeSaMeF/14345.java,0.13209025000105612
1322,data/SeSaMeF/13480.java,0.2193379160016775
1323,data/SeSaMeF/18223.java,0.12904775000060908
1324,data/SeSaMeF/699.java,0.11692937498446554
1325,data/SeSaMeF/12985.java,0.2230192499991972
1326,data/SeSaMeF/19760.java,0.15526349999709055
1327,data/SeSaMeF/8032.java,0.12064775000908412
1328,data/SeSaMeF/51667.java,0.16150033302255906
1329,data/SeSaMeF/57.java,0.16923037500237115
1330,data/SeSaMeF/5895.java,0.596546834014589
1331,data/SeSaMeF/39913.java,0.17225033300928771
1332,data/SeSaMeF/1751.java,0.16747216598014347
1333,data/SeSaMeF/14410.java,0.5768892080232035
1334,data/SeSaMeF/56726.java,0.16696766699897125
1335,data/SeSaMeF/12602.java,0.17027820899966173
1336,data/SeSaMeF/14739.java,0.16628620799747296
1337,data/SeSaMeF/56819.java,0.11486162501387298
1338,data/SeSaMeF/5591.java,0.26577483300934546
1339,data/SeSaMeF/9727.java,0.17583304201252759
1340,data/SeSaMeF/45370.java,0.22792316597769968
1341,data/SeSaMeF/725.java,0.4842604580044281
1342,data/SeSaMeF/37331.java,0.2276277500204742
1343,data/SeSaMeF/1340.java,0.21710624999832362
1344,data/SeSaMeF/57526.java,0.22693483298644423
1345,data/SeSaMeF/660.java,0.17176887500681914
1346,data/SeSaMeF/24771.java,0.16348937500151806
1347,data/SeSaMeF/14797.java,0.22721812498639338
1348,data/SeSaMeF/1439.java,0.17337649999535643
1349,data/SeSaMeF/56439.java,0.21351612501894124
1350,data/SeSaMeF/15372.java,0.17621579198748805
1351,data/SeSaMeF/28549.java,0.23216870898613706
1352,data/SeSaMeF/56878.java,0.1738789170049131
1353,data/SeSaMeF/17524.java,0.1757999160035979
1354,data/SeSaMeF/7522.java,0.1404676669917535
1355,data/SeSaMeF/41651.java,0.21678691598935984
1356,data/SeSaMeF/40410.java,0.30872958301915787
1357,data/SeSaMeF/2409.java,0.7262578750087414
1358,data/SeSaMeF/19306.java,0.1115999159810599
1359,data/SeSaMeF/210.java,0.4386791249853559
1360,data/SeSaMeF/57910.java,0.10307995899347588
1361,data/SeSaMeF/40056.java,0.2099693330237642
1362,data/SeSaMeF/11720.java,0.20947337499819696
1363,data/SeSaMeF/4932.java,0.8606484159827232
1364,data/SeSaMeF/4898.java,0.9265231669996865
1365,data/SeSaMeF/713.java,0.1765557920152787
1366,data/SeSaMeF/1458.java,0.11624808399938047
1367,data/SeSaMeF/20.java,0.23165162501391023
1368,data/SeSaMeF/49670.java,0.17392720901989378
1369,data/SeSaMeF/9087.java,0.1700360830000136
1370,data/SeSaMeF/528.java,0.28110258298693225
1371,data/SeSaMeF/44039.java,0.16559474999667145
1372,data/SeSaMeF/36869.java,0.1763922090176493
1373,data/SeSaMeF/7774.java,0.13617412498570047
1374,data/SeSaMeF/20051.java,1.0919988750247285
1375,data/SeSaMeF/52694.java,0.10970900001120754
1376,data/SeSaMeF/9551.java,0.1727577499987092
1377,data/SeSaMeF/1161.java,0.1726583749987185
1378,data/SeSaMeF/46546.java,0.168509749986697
1379,data/SeSaMeF/7689.java,0.22651508398121223
1380,data/SeSaMeF/51450.java,0.27855829198961146
1381,data/SeSaMeF/14109.java,0.5931636659952346
1382,data/SeSaMeF/39227.java,0.16034791700076312
1383,data/SeSaMeF/7559.java,0.21767287500551902
1384,data/SeSaMeF/9814.java,0.22827399999368936
1385,data/SeSaMeF/6348.java,0.5174940830038395
1386,data/SeSaMeF/43928.java,0.22467754100216553
1387,data/SeSaMeF/8993.java,0.4130595829919912
1388,data/SeSaMeF/49975.java,0.2128881250100676
1389,data/SeSaMeF/41153.java,0.31259691700688563
1390,data/SeSaMeF/56911.java,2.922042207996128
1391,data/SeSaMeF/46854.java,0.23164545799954794
1392,data/SeSaMeF/55002.java,0.8622955409809947
1393,data/SeSaMeF/18184.java,0.22171233300468884
1394,data/SeSaMeF/8497.java,0.5877337919955608
1395,data/SeSaMeF/683.java,0.27751816701493226
1396,data/SeSaMeF/3721.java,0.22737762500764802
1397,data/SeSaMeF/1209.java,0.2196422500128392
